File,type
0002-page1.png,gray
0010-page0.png,gray
0017-page1.png,gray
0002-page0.png,gray
0014-page2.png,gray
0016-page2.png,gray
0017-page0.png,gray
0018-page0.png,gray
0008-page0.png,gray
0001-page0.png,gray
0009-page0.png,gray
0007-page1.png,gray
0005-page1.png,gray
0003-page1.png,gray
0006-page1.png,gray
0003-page0.png,gray
0016-page0.png,gray
0015-page1.png,gray
0011-page0.png,gray
0009-page7.png,gray
0004-page0.png,gray
0002-page2.png,gray
0015-page0.png,gray
0005-page0.png,gray
0002-page3.png,gray
0006-page0.png,gray
0007-page0.png,gray
0012-page0.png,gray
0013-page1.png,gray
0014-page0.png,gray
0016-page3.png,gray
0014-page1.png,gray
0016-page1.png,gray
0014-page3.png,gray
0016-page4.png,gray
0009-page9.png,gray
wob_verzoek_uitbreiding_terras-970022-page0.png,black
wob-verzoek_wieringa_tweede_bloemdwarsstraat_2-990937-page0.png,black
Wob_verzoek_Emmastraat_Gooiplein_en_Groest_Zuid_Hilversum-page-001.png,black
wob-verzoek_weigeren_omgevingsvergunning_clazina-maria-963267-page0.png,gray
wob_verzoek_stukken_hondenverbod_kop_van_jut-964275-page2.png,black
wob-verzoek_ontstaansgeschiedenis_ijplein_voormalig_adm-terrein-963340-page1.png,gray
wob-verzoek_uitvoeringsrichtlijn_kruimelgevallen-964248-page0.png,black
wob-verzoek_omgevingsvergunning_terrein_nieuwendammerdijk_538-963594-page1.png,gray
wob-verzoek_vraag_ingediend_bezwaar_op_besluit-987485-page0.png,black
wob-verzoek_project_noordeinde-963416-page0.png,gray
wob-verzoek_ontstaansgeschiedenis_ijplein_voormalig_adm-terrein-963340-page0.png,gray
wob-verzoek_vmr-land_voor_publicatie-986643-page1.png,black
wob-verzoek_wieringa_tweede_bloemdwarsstraat_2-990937-page1.png,black
wob-verzoek_voor_publicatie-963263-page0.png,black
Wob_verzoek_Emmastraat_Gooiplein_en_Groest_Zuid_Hilversum-page-002.png,black
wob-verzoek_project_noordeinde-963416-page2.png,gray
wob-verzoek_omgevingsvergunning_terrein_nieuwendammerdijk_538-963594-page0.png,gray
wob-verzoek_vmr-land_voor_publicatie-986643-page0.png,black
wob_verzoek_stukken_hondenverbod_kop_van_jut-964275-page1.png,black
wob-verzoek_project_noordeinde-963416-page1.png,gray
wob-verzoek_voor_publicatie-963263-page1.png,black
Wob_verzoek_Emmastraat_Gooiplein_en_Groest_Zuid_Hilversum-page-004.png,color
wob_verzoek_voorontwerpbestemmingsplan_slotermeer_2018-885402-page0.png,black
wob-verzoek_schade_de_ruijterkade_110_21-08-2018-893735-page0.png,black
wob_verzoek_postzegelpark-969443-page0.png,black
wob-verzoek_weigeren_omgevingsvergunning_clazina-maria-963267-page1.png,gray
wob-verzoek_verlening_ligplaatsvergunning_zwaantje_schellingwouderdijk-963377-page0.png,gray
wob_verzoek_woz_8sept2020_gelakt-963896-page0.png,black
wob-verzoek_voor_publicatie-963263-page2.png,black
wob_verzoek_uitbreiding_terras-970022-page1.png,black
wob-verzoek_originele_bouwtekeningen_hilversumstraat_46_48_52_54_en_56-963319-page0.png,gray
wob_verzoek_postzegelpark-969443-page1.png,black
wob_verzoek_voorontwerpbestemmingsplan_slotermeer_2018-885402-page1.png,black
wob-verzoek_plannen_durgerdammergouw_30-963588-page0.png,black
wob_verzoek_stukken_hondenverbod_kop_van_jut-964275-page0.png,black
Wob-besluit-Project-No-Waste-2021-011855__concatenated-page-012.png,black
Wob-besluit-Toezicht-Topparken-Landgoed-De-Scheleberg-te-Lunteren-2021-005017.html__concatenated-page6.png,black
Wob-besluit-Toezicht-Topparken-Landgoed-De-Scheleberg-te-Lunteren-2021-005017.html__concatenated-page7.png,black
Beslissing-op-Wob-verzoek-aanleg-ontsluitingsweg-project-Eerbeek-Loenen.html__concatenated-page2.png,black
Wob-besluit-Toezicht-Topparken-Landgoed-De-Scheleberg-te-Lunteren-2021-005017.html__concatenated-page1.png,black
Wob-besluit-inzake-opkoopregeling-kalverhouderij-2021-010918.html__concatenated-page3.png,black
Beslissing-op-Wob-verzoek-inzake-subsidieaanvraag-Waalse-Water.html__concatenated-page28.png,black
Wob-besluit-Onthaasten-Arrangementen-B-V-zaaknummer-2021-011108.html__concatenated-page1.png,black
Wob-besluit-Project-No-Waste-2021-011855__concatenated-page-007.png,black
Beslissing-op-Wob-verzoek-inzake-subsidieaanvraag-Waalse-Water.html__concatenated-page40.png,black
Beslissing-op-Wob-verzoek-inzake-subsidieaanvraag-Waalse-Water.html__concatenated-page5.png,black
Beslissing-op-Wob-verzoek-zwembad-Oosterhout.html__concatenated-page0.png,black
Beslissing-op-Wob-verzoek-inzake-subsidieaanvraag-Waalse-Water.html__concatenated-page8.png,black
Beslissing-op-Wob-verzoek-inzake-subsidieaanvraag-Waalse-Water.html__concatenated-page39.png,black
Wob-besluit-inzake-opkoopregeling-kalverhouderij-2021-010918.html__concatenated-page1.png,black
Beslissing-op-Wob-verzoek-inzake-subsidieaanvraag-Waalse-Water.html__concatenated-page33.png,black
Beslissing-op-Wob-verzoek-inzake-subsidieaanvraag-Waalse-Water.html__concatenated-page37.png,black
Beslissing-op-Wob-verzoek-inzake-subsidieaanvraag-Waalse-Water.html__concatenated-page1.png,black
Wob-besluit-Project-No-Waste-2021-011855__concatenated-page-004.png,black
Wob-besluit-Project-No-Waste-2021-011855__concatenated-page-013.png,black
Wob-besluit-Toezicht-Topparken-Landgoed-De-Scheleberg-te-Lunteren-2021-005017.html__concatenated-page0.png,black
Wob-besluit-Project-No-Waste-2021-011855__concatenated-page-005.png,black
Wob-besluit-Project-No-Waste-2021-011855__concatenated-page-017.png,black
Beslissing-op-Wob-verzoek-inzake-subsidieaanvraag-Waalse-Water.html__concatenated-page3.png,black
Wob-besluit-Project-No-Waste-2021-011855__concatenated-page-003.png,black
Beslissing-op-Wob-verzoek-inzake-subsidieaanvraag-Waalse-Water.html__concatenated-page27.png,black
Beslissing-op-Wob-verzoek-inzake-subsidieaanvraag-Waalse-Water.html__concatenated-page42.png,black
Wob-besluit-inzake-opkoopregeling-kalverhouderij-2021-010918.html__concatenated-page0.png,black
Wob-besluit-Project-No-Waste-2021-011855__concatenated-page-002.png,black
Wob-besluit-Project-No-Waste-2021-011855__concatenated-page-009.png,black
Beslissing-op-Wob-verzoek-inzake-subsidieaanvraag-Waalse-Water.html__concatenated-page7.png,black
Beslissing-op-Wob-verzoek-inzake-subsidieaanvraag-Waalse-Water.html__concatenated-page0.png,black
Wob-besluit-inzake-opkoopregeling-kalverhouderij-2021-010918.html__concatenated-page2.png,black
Beslissing-op-Wob-verzoek-aanleg-ontsluitingsweg-project-Eerbeek-Loenen.html__concatenated-page1.png,black
Beslissing-op-Wob-verzoek-inzake-subsidieaanvraag-Waalse-Water.html__concatenated-page11.png,black
Beslissing-op-Wob-verzoek-inzake-subsidieaanvraag-Waalse-Water.html__concatenated-page4.png,black
Wob-besluit-inzake-opkoopregeling-kalverhouderij-2021-010918.html__concatenated-page4.png,black
Beslissing-op-Wob-verzoek-inzake-subsidieaanvraag-Waalse-Water.html__concatenated-page34.png,black
Beslissing-op-Wob-verzoek-zwembad-Oosterhout.html__concatenated-page1.png,black
Beslissing-op-Wob-verzoek-inzake-subsidieaanvraag-Waalse-Water.html__concatenated-page6.png,black
Wob-besluit-Project-No-Waste-2021-011855__concatenated-page-001.png,black
Wob-besluit-Project-No-Waste-2021-011855__concatenated-page-006.png,black
Wob-besluit-Onthaasten-Arrangementen-B-V-zaaknummer-2021-011108.html__concatenated-page0.png,black
Wob-besluit-Project-No-Waste-2021-011855__concatenated-page-011.png,black
Beslissing-op-Wob-verzoek-inzake-subsidieaanvraag-Waalse-Water.html__concatenated-page32.png,black
Bijlagen deel 2 bij Woo-besluit bijverdiensten bestuurders semipublieke sector _WNT_page016-001.png,color
Bijlagen 2 bij Besluit op Woo-verzoek over uitvoering geven door de Staat aan het vonnis van de rechtbank van 14 april 2021_page016-001.png,color
Bijlagen 2 bij Besluit op Woo-verzoek over uitvoering geven door de Staat aan het vonnis van de rechtbank van 14 april 2021_page009-001.png,border
Bijlagen 2 bij Besluit op Woo-verzoek over uitvoering geven door de Staat aan het vonnis van de rechtbank van 14 april 2021_page008-001.png,color
Documenten bij Woo-besluit over correspondentie tussen besturen bij totstandkoming rapport Perspectief voor de Gnephoek eo_page060-001.png,gray
Schiphol deel 1_page_41-001.png,color
Schiphol deel 1_page_40-001.png,color
BESLUIT_Beslissing Stiath 060423_a_page003-001.png,border
Bijlagen deel 2 bij Woo-besluit bijverdiensten bestuurders semipublieke sector _WNT_page018-001.png,border
BESLUIT_Beslissing Stiath 060423_b_page028-001.png,border
Schiphol deel 1_page_06-001.png,color
BESLUIT_Beslissing Stiath 060423_b_page007-001.png,border
Documenten bij Woo-besluit over correspondentie tussen besturen bij totstandkoming rapport Perspectief voor de Gnephoek eo_page073-001.png,border
Documenten bij Woo-besluit over correspondentie tussen besturen bij totstandkoming rapport Perspectief voor de Gnephoek eo_page069-001.png,border
Bijlagen 2 bij Besluit op Woo-verzoek over uitvoering geven door de Staat aan het vonnis van de rechtbank van 14 april 2021_page003-001.png,color
Bijlagen deel 2 bij Woo-besluit bijverdiensten bestuurders semipublieke sector _WNT_page014-001.png,gray
BESLUIT_Beslissing Stiath 060423_b_page024-001.png,border
Documenten bij Woo-besluit over correspondentie tussen besturen bij totstandkoming rapport Perspectief voor de Gnephoek eo_page074-001.png,color
BESLUIT_Beslissing Stiath 060423_a_page001-001.png,border
Bijlagen 2 bij Besluit op Woo-verzoek over uitvoering geven door de Staat aan het vonnis van de rechtbank van 14 april 2021_page014-001.png,border
Documenten bij Woo-besluit over correspondentie tussen besturen bij totstandkoming rapport Perspectief voor de Gnephoek eo_page039-001.png,gray
Schiphol deel 1_page_01-001.png,color
Documenten bij Woo-besluit over correspondentie tussen besturen bij totstandkoming rapport Perspectief voor de Gnephoek eo_page023-001.png,border
Bijlagen deel 2 bij Woo-besluit bijverdiensten bestuurders semipublieke sector _WNT_page015-001.png,border
Bijlagen 2 bij Besluit op Woo-verzoek over uitvoering geven door de Staat aan het vonnis van de rechtbank van 14 april 2021_page020-001.png,color
Binder OneLove_page015-001.png,border
Binder OneLove_page027-001.png,border
Binder OneLove_page038-001.png,border
Binder OneLove_page055-001.png,border
Binder OneLove_page056-001.png,border
Binder OneLove_page088-001.png,border
Binder OneLove_page114-001.png,border
Binder OneLove_page131-001.png,border
Binder OneLove_page132-001.png,border
Binder OneLove_page160-001.png,border
Binder OneLove_page172-001.png,border
Documenten bij Woo-besluit over rapporten The Hague Centre for Strategic Studies _HCSS_page002-001.png,border
Documenten bij Woo-besluit over rapporten The Hague Centre for Strategic Studies _HCSS_page010-001.png,border
Documenten bij Woo-besluit over rapporten The Hague Centre for Strategic Studies _HCSS_page012-001.png,border
Documenten bij Woo-besluit over rapporten The Hague Centre for Strategic Studies _HCSS_page014-001.png,border
woo-kennisgroepstandpunten-formeel-recht-deelbesluit-2-documenten_page009-001.png,border
woo-kennisgroepstandpunten-formeel-recht-deelbesluit-2-documenten_page023-001.png,border
woo-niet-evacueren-medewerkers-atvet-documenten012-001.png,border
woo-niet-evacueren-medewerkers-atvet-documenten014-001.png,border
woo-niet-evacueren-medewerkers-atvet-documenten045-001.png,border
woo-niet-evacueren-medewerkers-atvet-documenten055-001.png,border
Binder OneLove_page002-001.png,border
Binder OneLove_page005-001.png,border
Binder OneLove_page037-001.png,border
Documenten bij herziene beslissing op bezwaar Wob-besluit over NGO-schepen op Middellandse Zee_page008-001.png,color
Documenten bij herziene beslissing op bezwaar Wob-besluit over NGO-schepen op Middellandse Zee_page012-001.png,color
Documenten bij Woo-besluit over correspondentie tussen besturen bij totstandkoming rapport Perspectief voor de Gnephoek eo_page048-001.png,color
Openbaargemaakte documenten bij besluit op Woo-verzoek over notitie _Interpretatie vermijden ongare kooks_page001-001.png,color
Woo-verzoek over communicatie tussen I_W en Energie Nederland_page009-001.png,color
01.-email---wob---correspondentie-prof.-maat-1.png,gray
01._2019-10-01_Email_RE_olo_4605707_Bickersgracht_201-1.png,black
01._2019-10-01_Email_RE_olo_4605707_Bickersgracht_201-2.png,black
03.-email---wob---correspondentie-prof.-maat-1.png,gray
0323-1.png,black
0323-2.png,black
0323-3.png,black
0323-4.png,black
0323-5.png,black
0323-6.png,black
0323-7.png,no_annotation
0443-1.png,black
0443-2.png,black
0443-3.png,black
0448-1.png,black
0516. RE Mails aan de wethouder (Dijksma)_ocr-1.png,black
0516. RE Mails aan de wethouder (Dijksma)_ocr-2.png,black
0516. RE Mails aan de wethouder (Dijksma)_ocr-3.png,black
0527-1.png,black
0680. RE OD - toezicht bouw en woningtoezicht - Grimburgwal(1)_ocr-1.png,black
0680. RE OD - toezicht bouw en woningtoezicht - Grimburgwal(1)_ocr-2.png,black
0680. RE OD - toezicht bouw en woningtoezicht - Grimburgwal(1)_ocr-3.png,black
0680. RE OD - toezicht bouw en woningtoezicht - Grimburgwal(1)_ocr-4.png,black
0680. RE OD - toezicht bouw en woningtoezicht - Grimburgwal(1)_ocr-5.png,black
0680. RE OD - toezicht bouw en woningtoezicht - Grimburgwal(1)_ocr-6.png,black
0680. RE OD - toezicht bouw en woningtoezicht - Grimburgwal(1)_ocr-7.png,no_annotation
10. Verslag_Staf_Saskia_Groenewoud_1_april_2019 zonder markering-1.png,black
10. Verslag_Staf_Saskia_Groenewoud_1_april_2019 zonder markering-2.png,black
10. Verslag_Staf_Saskia_Groenewoud_1_april_2019 zonder markering-3.png,black
10. Verslag_Staf_Saskia_Groenewoud_1_april_2019 zonder markering-4.png,black
1099-1.png,black
122. overleg over Overlast en andere zaken-1.png,black
122. overleg over Overlast en andere zaken-2.png,black
122. overleg over Overlast en andere zaken-3.png,black
122. overleg over Overlast en andere zaken-4.png,black
127. RE VVR Brussel-1.png,black
1291-1.png,black
13._2020-06-29_Email_FW_Bickersgracht_201_-reactie_op_zienswijze-1.png,black
130. mail 14-03-2016 uitbouw_Geredigeerd-1.png,black
130. mail 14-03-2016 uitbouw_Geredigeerd-2.png,black
130. mail 14-03-2016 uitbouw_Geredigeerd-3.png,black
1303-1.png,black
13_factuur_gumtree-1.png,black
160._01.1_Agenda_MT_S_en_C_26-08-2021-1.png,gray
168. mailwisseling PVEU-1.png,black
168. mailwisseling PVEU-2.png,black
168. mailwisseling PVEU-3.png,black
168. mailwisseling PVEU-4.png,no_annotation
19.Stukken_sub_demo_Samen_voor_NL_Reijinga-1.png,gray
19._overleg_4_over_afhandeling-email-1.png,black
19._overleg_4_over_afhandeling-email-2.png,black
19._overleg_4_over_afhandeling-email-3.png,black
20150508-2028-mail-lezing-aan-hopex_geredigeerd-1.png,black
20150604-1536-mail-igz-aan-hopex_geredigeerd-1.png,black
20150615-1726-inzake-media-verz-int-beraad_geredi-1.png,black
20150724-1630-bo-le-to-pc-inz-brief_redacted-1.png,black
20150724-1630-bo-le-to-pc-inz-brief_redacted-2.png,black
2018-08-06_wob_verzoek_geanonimiseerd-1.png,gray
2018-08-06_wob_verzoek_geanonimiseerd-2.png,gray
2018-08-06_wob_verzoek_geanonimiseerd-3.png,gray
2018-08-06_wob_verzoek_geanonimiseerd-4.png,no_annotation
20180321_bijlage_1_bij_agenda_stuurgroep_conceptverslag_stuurgroep_13122017-1.png,black
20180321_bijlage_1_bij_agenda_stuurgroep_conceptverslag_stuurgroep_13122017-2.png,black
20180321_bijlage_1_bij_agenda_stuurgroep_conceptverslag_stuurgroep_13122017-3.png,black
20180321_bijlage_1_bij_agenda_stuurgroep_conceptverslag_stuurgroep_13122017-4.png,black
20180321_bijlage_1_bij_agenda_stuurgroep_conceptverslag_stuurgroep_13122017-5.png,black
20180321_bijlage_1_bij_agenda_stuurgroep_conceptverslag_stuurgroep_13122017-6.png,no_annotation
20180912 Begroting 2019 LdH-1.png,no_annotation
20181219 zoektocht locaties-1.png,black
20181219 zoektocht locaties-2.png,black
2019-07-30_Rapportage_van_bevindingen-1.png,black
2019-07-30_Rapportage_van_bevindingen-2.png,black
2019-07-30_Rapportage_van_bevindingen-3.png,no_annotation
2019-07-30_Rapportage_van_bevindingen-4.png,no_annotation
2019-07-30_Rapportage_van_bevindingen-5.png,black
2019-12-20_wob-verzoek_erfpacht_telegraaf_geredigeerd-1.png,black
2019-12-20_wob-verzoek_erfpacht_telegraaf_geredigeerd-2.png,black
2019-12-20_wob-verzoek_erfpacht_telegraaf_geredigeerd-3.png,black
2019-12-20_wob-verzoek_erfpacht_telegraaf_geredigeerd-4.png,black
2019-12-20_wob-verzoek_erfpacht_telegraaf_geredigeerd-5.png,black
2019-12-20_wob-verzoek_erfpacht_telegraaf_geredigeerd-6.png,black
20201112_notulen_overleg_Provincie_Staatsbosbeheer_docx43665056_3181b951cf-1.png,black
20201112_notulen_overleg_Provincie_Staatsbosbeheer_docx43665056_3181b951cf-2.png,black
20201112_notulen_overleg_Provincie_Staatsbosbeheer_docx43665056_3181b951cf-3.png,black
2021-03-09_FW_Annotatie_Evenementen-1.png,black
292. RE_ te plannen afspraak wethoud met vertegen_-1.png,black
292. RE_ te plannen afspraak wethoud met vertegen_-2.png,black
292. RE_ te plannen afspraak wethoud met vertegen_-3.png,black
292. RE_ te plannen afspraak wethoud met vertegen_-4.png,black
295._Bijlage_Deleguate_list_-_Holland_Metropole_-_Mipim_2022_-_17.01.2021-1.png,black
295._Bijlage_Deleguate_list_-_Holland_Metropole_-_Mipim_2022_-_17.01.2021-2.png,black
295._Bijlage_Deleguate_list_-_Holland_Metropole_-_Mipim_2022_-_17.01.2021-3.png,black
30._B001_Aanvraag_D2022-01-025349-1.png,black
30._B001_Aanvraag_D2022-01-025349-2.png,no_annotation
30._B001_Aanvraag_D2022-01-025349-3.png,black
30._B001_Aanvraag_D2022-01-025349-4.png,black
30._B001_Aanvraag_D2022-01-025349-5.png,no_annotation
30._B001_Aanvraag_D2022-01-025349-6.png,black
34._B005_Details_kozijnen_bestaand_en_nieuw_blad_2_D2022-02-037653-1.png,black
34_Geredigeerd-1.png,black
34_Geredigeerd-2.png,black
36. Mail - verzendbewijs opschorting beslistermijn (3) olonr. 3466953 red -1.png,black
392._hol_met_magazine_mipim_2017-1.png,no_annotation
392._hol_met_magazine_mipim_2017-10.png,no_annotation
392._hol_met_magazine_mipim_2017-11.png,no_annotation
392._hol_met_magazine_mipim_2017-12.png,no_annotation
392._hol_met_magazine_mipim_2017-13.png,no_annotation
392._hol_met_magazine_mipim_2017-14.png,no_annotation
392._hol_met_magazine_mipim_2017-15.png,no_annotation
392._hol_met_magazine_mipim_2017-16.png,no_annotation
392._hol_met_magazine_mipim_2017-2.png,no_annotation
392._hol_met_magazine_mipim_2017-3.png,no_annotation
392._hol_met_magazine_mipim_2017-4.png,no_annotation
392._hol_met_magazine_mipim_2017-5.png,no_annotation
392._hol_met_magazine_mipim_2017-6.png,no_annotation
392._hol_met_magazine_mipim_2017-7.png,no_annotation
392._hol_met_magazine_mipim_2017-8.png,no_annotation
392._hol_met_magazine_mipim_2017-9.png,no_annotation
457._Bijlage_bij_nr._458_Themabijeenkomst_landschap_water_eco-1.png,no_annotation
457._Bijlage_bij_nr._458_Themabijeenkomst_landschap_water_eco-10.png,no_annotation
457._Bijlage_bij_nr._458_Themabijeenkomst_landschap_water_eco-11.png,no_annotation
457._Bijlage_bij_nr._458_Themabijeenkomst_landschap_water_eco-12.png,no_annotation
457._Bijlage_bij_nr._458_Themabijeenkomst_landschap_water_eco-13.png,no_annotation
457._Bijlage_bij_nr._458_Themabijeenkomst_landschap_water_eco-14.png,no_annotation
457._Bijlage_bij_nr._458_Themabijeenkomst_landschap_water_eco-15.png,no_annotation
457._Bijlage_bij_nr._458_Themabijeenkomst_landschap_water_eco-16.png,black
457._Bijlage_bij_nr._458_Themabijeenkomst_landschap_water_eco-17.png,no_annotation
457._Bijlage_bij_nr._458_Themabijeenkomst_landschap_water_eco-18.png,no_annotation
457._Bijlage_bij_nr._458_Themabijeenkomst_landschap_water_eco-19.png,no_annotation
457._Bijlage_bij_nr._458_Themabijeenkomst_landschap_water_eco-2.png,black
457._Bijlage_bij_nr._458_Themabijeenkomst_landschap_water_eco-20.png,no_annotation
457._Bijlage_bij_nr._458_Themabijeenkomst_landschap_water_eco-21.png,no_annotation
457._Bijlage_bij_nr._458_Themabijeenkomst_landschap_water_eco-22.png,no_annotation
457._Bijlage_bij_nr._458_Themabijeenkomst_landschap_water_eco-23.png,no_annotation
457._Bijlage_bij_nr._458_Themabijeenkomst_landschap_water_eco-24.png,no_annotation
457._Bijlage_bij_nr._458_Themabijeenkomst_landschap_water_eco-25.png,no_annotation
457._Bijlage_bij_nr._458_Themabijeenkomst_landschap_water_eco-26.png,no_annotation
457._Bijlage_bij_nr._458_Themabijeenkomst_landschap_water_eco-27.png,no_annotation
457._Bijlage_bij_nr._458_Themabijeenkomst_landschap_water_eco-28.png,no_annotation
457._Bijlage_bij_nr._458_Themabijeenkomst_landschap_water_eco-29.png,no_annotation
457._Bijlage_bij_nr._458_Themabijeenkomst_landschap_water_eco-3.png,no_annotation
457._Bijlage_bij_nr._458_Themabijeenkomst_landschap_water_eco-30.png,no_annotation
457._Bijlage_bij_nr._458_Themabijeenkomst_landschap_water_eco-31.png,no_annotation
457._Bijlage_bij_nr._458_Themabijeenkomst_landschap_water_eco-32.png,no_annotation
457._Bijlage_bij_nr._458_Themabijeenkomst_landschap_water_eco-33.png,no_annotation
457._Bijlage_bij_nr._458_Themabijeenkomst_landschap_water_eco-34.png,no_annotation
457._Bijlage_bij_nr._458_Themabijeenkomst_landschap_water_eco-35.png,no_annotation
457._Bijlage_bij_nr._458_Themabijeenkomst_landschap_water_eco-36.png,no_annotation
457._Bijlage_bij_nr._458_Themabijeenkomst_landschap_water_eco-37.png,black
457._Bijlage_bij_nr._458_Themabijeenkomst_landschap_water_eco-38.png,no_annotation
457._Bijlage_bij_nr._458_Themabijeenkomst_landschap_water_eco-39.png,no_annotation
457._Bijlage_bij_nr._458_Themabijeenkomst_landschap_water_eco-4.png,no_annotation
457._Bijlage_bij_nr._458_Themabijeenkomst_landschap_water_eco-40.png,no_annotation
457._Bijlage_bij_nr._458_Themabijeenkomst_landschap_water_eco-41.png,no_annotation
457._Bijlage_bij_nr._458_Themabijeenkomst_landschap_water_eco-42.png,no_annotation
457._Bijlage_bij_nr._458_Themabijeenkomst_landschap_water_eco-43.png,no_annotation
457._Bijlage_bij_nr._458_Themabijeenkomst_landschap_water_eco-44.png,no_annotation
457._Bijlage_bij_nr._458_Themabijeenkomst_landschap_water_eco-45.png,no_annotation
457._Bijlage_bij_nr._458_Themabijeenkomst_landschap_water_eco-46.png,no_annotation
457._Bijlage_bij_nr._458_Themabijeenkomst_landschap_water_eco-47.png,no_annotation
457._Bijlage_bij_nr._458_Themabijeenkomst_landschap_water_eco-48.png,no_annotation
457._Bijlage_bij_nr._458_Themabijeenkomst_landschap_water_eco-49.png,no_annotation
457._Bijlage_bij_nr._458_Themabijeenkomst_landschap_water_eco-5.png,no_annotation
457._Bijlage_bij_nr._458_Themabijeenkomst_landschap_water_eco-50.png,no_annotation
457._Bijlage_bij_nr._458_Themabijeenkomst_landschap_water_eco-51.png,no_annotation
457._Bijlage_bij_nr._458_Themabijeenkomst_landschap_water_eco-52.png,no_annotation
457._Bijlage_bij_nr._458_Themabijeenkomst_landschap_water_eco-53.png,no_annotation
457._Bijlage_bij_nr._458_Themabijeenkomst_landschap_water_eco-54.png,no_annotation
457._Bijlage_bij_nr._458_Themabijeenkomst_landschap_water_eco-55.png,no_annotation
457._Bijlage_bij_nr._458_Themabijeenkomst_landschap_water_eco-56.png,no_annotation
457._Bijlage_bij_nr._458_Themabijeenkomst_landschap_water_eco-57.png,no_annotation
457._Bijlage_bij_nr._458_Themabijeenkomst_landschap_water_eco-58.png,no_annotation
457._Bijlage_bij_nr._458_Themabijeenkomst_landschap_water_eco-59.png,no_annotation
457._Bijlage_bij_nr._458_Themabijeenkomst_landschap_water_eco-6.png,no_annotation
457._Bijlage_bij_nr._458_Themabijeenkomst_landschap_water_eco-60.png,no_annotation
457._Bijlage_bij_nr._458_Themabijeenkomst_landschap_water_eco-7.png,no_annotation
457._Bijlage_bij_nr._458_Themabijeenkomst_landschap_water_eco-8.png,no_annotation
457._Bijlage_bij_nr._458_Themabijeenkomst_landschap_water_eco-9.png,no_annotation
46. Organogram De Meervaart-1.png,no_annotation
462._Bijlage_bij_nr._463-1.png,black
462._Bijlage_bij_nr._463-2.png,black
462._Bijlage_bij_nr._463-3.png,black
462._Bijlage_bij_nr._463-4.png,black
462._Bijlage_bij_nr._463-5.png,black
462._Bijlage_bij_nr._463-6.png,no_annotation
48._RE_Ter_correctie_-_Nieuwsbrief_nr._2_Gebruik_van_code_2-1.png,gray
48._RE_Ter_correctie_-_Nieuwsbrief_nr._2_Gebruik_van_code_2-2.png,gray
48._RE_Ter_correctie_-_Nieuwsbrief_nr._2_Gebruik_van_code_2-3.png,gray
521. RE_ De Nieuwe Meervaart 17-10 -1.png,black
521. RE_ De Nieuwe Meervaart 17-10 -2.png,black
5_20171011_verslag_-_projectgroep_gemeente_fca_17_07_geanonimiseerd-1.png,black
5_20171011_verslag_-_projectgroep_gemeente_fca_17_07_geanonimiseerd-2.png,black
5_20171011_verslag_-_projectgroep_gemeente_fca_17_07_geanonimiseerd-3.png,black
609. 2x weth de nieuwe Meervaart .p_Geredigeerd-1.png,black
68.b bericht over afspraak afstemming-1.png,black
68.b bericht over afspraak afstemming-2.png,black
68.c bericht over afspraak afstemming-1.png,black
68.c bericht over afspraak afstemming-2.png,black
68.c bericht over afspraak afstemming-3.png,black
751._FW_Stukken_voor_wethouderoverleg_15_januari-1.png,black
751._FW_Stukken_voor_wethouderoverleg_15_januari-2.png,no_annotation
773. RE_ Flap college B&W de Meervaart 2_Geredigeerd-1.png,black
773. RE_ Flap college B&W de Meervaart 2_Geredigeerd-2.png,black
800._597._Opdrachtgeversoverleg_21_oktober-1.png,black
800._597._Opdrachtgeversoverleg_21_oktober-2.png,black
89 FW_ Fietsparkeervoorziening Lijnbaansgracht - Orderbevestiging_2 -1.png,black
89 FW_ Fietsparkeervoorziening Lijnbaansgracht - Orderbevestiging_2 -2.png,black
89 FW_ Fietsparkeervoorziening Lijnbaansgracht - Orderbevestiging_2 -3.png,black
89 FW_ Fietsparkeervoorziening Lijnbaansgracht - Orderbevestiging_2 -4.png,black
89 FW_ Fietsparkeervoorziening Lijnbaansgracht - Orderbevestiging_2 -5.png,black
89 FW_ Fietsparkeervoorziening Lijnbaansgracht - Orderbevestiging_2 -6.png,black
89 FW_ Fietsparkeervoorziening Lijnbaansgracht - Orderbevestiging_2 -7.png,black
89 FW_ Fietsparkeervoorziening Lijnbaansgracht - Orderbevestiging_2 -8.png,black
89 FW_ Fietsparkeervoorziening Lijnbaansgracht - Orderbevestiging_2 -9.png,no_annotation
94.46 indeling terras-1.png,no_annotation
944. korte terugkoppeling sessie team GO_Geredigeerd-1.png,black
Beantwoording wob-verzoek communicatie tussen PNH en gem. Heemstede inzake Cruquiusbrug Heemstede-1.png,gray
Beantwoording wob-verzoek communicatie tussen PNH en gem. Heemstede inzake Cruquiusbrug Heemstede-2.png,no_annotation
Beantwoording wob-verzoek communicatie tussen PNH en gem. Heemstede inzake Cruquiusbrug Heemstede-3.png,gray
Beantwoording wob-verzoek communicatie tussen PNH en gem. Heemstede inzake Cruquiusbrug Heemstede-4.png,gray
Beantwoording wob-verzoek communicatie tussen PNH en gem. Heemstede inzake Cruquiusbrug Heemstede-5.png,no_annotation
Beantwoording wob-verzoek communicatie tussen PNH en gem. Heemstede inzake Cruquiusbrug Heemstede-6.png,no_annotation
Bestanden_18724268-1.png,black
Bestanden_18724268-2.png,black
Bestanden_18724268-3.png,black
Bestanden_18724268-4.png,black
Bestanden_18724322-1.png,black
Bijlage-1.png,black
Bijlage-10.png,no_annotation
Bijlage-11.png,no_annotation
Bijlage-12.png,no_annotation
Bijlage-13.png,no_annotation
Bijlage-14.png,no_annotation
Bijlage-2.png,no_annotation
Bijlage-3.png,black
Bijlage-4.png,no_annotation
Bijlage-5.png,no_annotation
Bijlage-6.png,no_annotation
Bijlage-7.png,no_annotation
Bijlage-8.png,no_annotation
Bijlage-9.png,black
Bijlagen 2 bij Besluit op Woo-verzoek over uitvoering geven door de Staat aan het vonnis van de rechtbank van 14 april 2021-1.png,color
Bijlagen 2 bij Besluit op Woo-verzoek over uitvoering geven door de Staat aan het vonnis van de rechtbank van 14 april 2021-10.png,border
Bijlagen 2 bij Besluit op Woo-verzoek over uitvoering geven door de Staat aan het vonnis van de rechtbank van 14 april 2021-11.png,color
Bijlagen 2 bij Besluit op Woo-verzoek over uitvoering geven door de Staat aan het vonnis van de rechtbank van 14 april 2021-12.png,color
Bijlagen 2 bij Besluit op Woo-verzoek over uitvoering geven door de Staat aan het vonnis van de rechtbank van 14 april 2021-13.png,color
Bijlagen 2 bij Besluit op Woo-verzoek over uitvoering geven door de Staat aan het vonnis van de rechtbank van 14 april 2021-14.png,color
Bijlagen 2 bij Besluit op Woo-verzoek over uitvoering geven door de Staat aan het vonnis van de rechtbank van 14 april 2021-15.png,color
Bijlagen 2 bij Besluit op Woo-verzoek over uitvoering geven door de Staat aan het vonnis van de rechtbank van 14 april 2021-16.png,color
Bijlagen 2 bij Besluit op Woo-verzoek over uitvoering geven door de Staat aan het vonnis van de rechtbank van 14 april 2021-17.png,color
Bijlagen 2 bij Besluit op Woo-verzoek over uitvoering geven door de Staat aan het vonnis van de rechtbank van 14 april 2021-18.png,color
Bijlagen 2 bij Besluit op Woo-verzoek over uitvoering geven door de Staat aan het vonnis van de rechtbank van 14 april 2021-19.png,color
Bijlagen 2 bij Besluit op Woo-verzoek over uitvoering geven door de Staat aan het vonnis van de rechtbank van 14 april 2021-2.png,color
Bijlagen 2 bij Besluit op Woo-verzoek over uitvoering geven door de Staat aan het vonnis van de rechtbank van 14 april 2021-20.png,color
Bijlagen 2 bij Besluit op Woo-verzoek over uitvoering geven door de Staat aan het vonnis van de rechtbank van 14 april 2021-21.png,color
Bijlagen 2 bij Besluit op Woo-verzoek over uitvoering geven door de Staat aan het vonnis van de rechtbank van 14 april 2021-22.png,color
Bijlagen 2 bij Besluit op Woo-verzoek over uitvoering geven door de Staat aan het vonnis van de rechtbank van 14 april 2021-23.png,color
Bijlagen 2 bij Besluit op Woo-verzoek over uitvoering geven door de Staat aan het vonnis van de rechtbank van 14 april 2021-24.png,color
Bijlagen 2 bij Besluit op Woo-verzoek over uitvoering geven door de Staat aan het vonnis van de rechtbank van 14 april 2021-25.png,color
Bijlagen 2 bij Besluit op Woo-verzoek over uitvoering geven door de Staat aan het vonnis van de rechtbank van 14 april 2021-26.png,color
Bijlagen 2 bij Besluit op Woo-verzoek over uitvoering geven door de Staat aan het vonnis van de rechtbank van 14 april 2021-27.png,color
Bijlagen 2 bij Besluit op Woo-verzoek over uitvoering geven door de Staat aan het vonnis van de rechtbank van 14 april 2021-28.png,no_annotation
Bijlagen 2 bij Besluit op Woo-verzoek over uitvoering geven door de Staat aan het vonnis van de rechtbank van 14 april 2021-29.png,color
Bijlagen 2 bij Besluit op Woo-verzoek over uitvoering geven door de Staat aan het vonnis van de rechtbank van 14 april 2021-3.png,color
Bijlagen 2 bij Besluit op Woo-verzoek over uitvoering geven door de Staat aan het vonnis van de rechtbank van 14 april 2021-30.png,color
Bijlagen 2 bij Besluit op Woo-verzoek over uitvoering geven door de Staat aan het vonnis van de rechtbank van 14 april 2021-31.png,color
Bijlagen 2 bij Besluit op Woo-verzoek over uitvoering geven door de Staat aan het vonnis van de rechtbank van 14 april 2021-32.png,color
Bijlagen 2 bij Besluit op Woo-verzoek over uitvoering geven door de Staat aan het vonnis van de rechtbank van 14 april 2021-33.png,color
Bijlagen 2 bij Besluit op Woo-verzoek over uitvoering geven door de Staat aan het vonnis van de rechtbank van 14 april 2021-4.png,color
Bijlagen 2 bij Besluit op Woo-verzoek over uitvoering geven door de Staat aan het vonnis van de rechtbank van 14 april 2021-5.png,color
Bijlagen 2 bij Besluit op Woo-verzoek over uitvoering geven door de Staat aan het vonnis van de rechtbank van 14 april 2021-6.png,color
Bijlagen 2 bij Besluit op Woo-verzoek over uitvoering geven door de Staat aan het vonnis van de rechtbank van 14 april 2021-7.png,color
Bijlagen 2 bij Besluit op Woo-verzoek over uitvoering geven door de Staat aan het vonnis van de rechtbank van 14 april 2021-8.png,color
Bijlagen 2 bij Besluit op Woo-verzoek over uitvoering geven door de Staat aan het vonnis van de rechtbank van 14 april 2021-9.png,border
Bijlagen deel 2 bij Woo-besluit bijverdiensten bestuurders semipublieke sector _WNT_-1.png,color
Bijlagen deel 2 bij Woo-besluit bijverdiensten bestuurders semipublieke sector _WNT_-10.png,color
Bijlagen deel 2 bij Woo-besluit bijverdiensten bestuurders semipublieke sector _WNT_-11.png,color
Bijlagen deel 2 bij Woo-besluit bijverdiensten bestuurders semipublieke sector _WNT_-12.png,border
Bijlagen deel 2 bij Woo-besluit bijverdiensten bestuurders semipublieke sector _WNT_-13.png,gray
Bijlagen deel 2 bij Woo-besluit bijverdiensten bestuurders semipublieke sector _WNT_-14.png,gray
Bijlagen deel 2 bij Woo-besluit bijverdiensten bestuurders semipublieke sector _WNT_-15.png,gray
Bijlagen deel 2 bij Woo-besluit bijverdiensten bestuurders semipublieke sector _WNT_-16.png,color
Bijlagen deel 2 bij Woo-besluit bijverdiensten bestuurders semipublieke sector _WNT_-17.png,color
Bijlagen deel 2 bij Woo-besluit bijverdiensten bestuurders semipublieke sector _WNT_-18.png,border
Bijlagen deel 2 bij Woo-besluit bijverdiensten bestuurders semipublieke sector _WNT_-19.png,color
Bijlagen deel 2 bij Woo-besluit bijverdiensten bestuurders semipublieke sector _WNT_-2.png,color
Bijlagen deel 2 bij Woo-besluit bijverdiensten bestuurders semipublieke sector _WNT_-20.png,color
Bijlagen deel 2 bij Woo-besluit bijverdiensten bestuurders semipublieke sector _WNT_-3.png,gray
Bijlagen deel 2 bij Woo-besluit bijverdiensten bestuurders semipublieke sector _WNT_-4.png,no_annotation
Bijlagen deel 2 bij Woo-besluit bijverdiensten bestuurders semipublieke sector _WNT_-5.png,color
Bijlagen deel 2 bij Woo-besluit bijverdiensten bestuurders semipublieke sector _WNT_-6.png,gray
Bijlagen deel 2 bij Woo-besluit bijverdiensten bestuurders semipublieke sector _WNT_-7.png,color
Bijlagen deel 2 bij Woo-besluit bijverdiensten bestuurders semipublieke sector _WNT_-8.png,color
Bijlagen deel 2 bij Woo-besluit bijverdiensten bestuurders semipublieke sector _WNT_-9.png,color
D211297874 Eerste schets_KB8-1.png,no_annotation
Documenten bij Woo-besluit over correspondentie tussen besturen bij totstandkoming rapport Perspectief voor de Gnephoek eo-1.png,color
Documenten bij Woo-besluit over correspondentie tussen besturen bij totstandkoming rapport Perspectief voor de Gnephoek eo-10.png,color
Documenten bij Woo-besluit over correspondentie tussen besturen bij totstandkoming rapport Perspectief voor de Gnephoek eo-11.png,border
Documenten bij Woo-besluit over correspondentie tussen besturen bij totstandkoming rapport Perspectief voor de Gnephoek eo-12.png,color
Documenten bij Woo-besluit over correspondentie tussen besturen bij totstandkoming rapport Perspectief voor de Gnephoek eo-13.png,border
Documenten bij Woo-besluit over correspondentie tussen besturen bij totstandkoming rapport Perspectief voor de Gnephoek eo-14.png,color
Documenten bij Woo-besluit over correspondentie tussen besturen bij totstandkoming rapport Perspectief voor de Gnephoek eo-15.png,gray
Documenten bij Woo-besluit over correspondentie tussen besturen bij totstandkoming rapport Perspectief voor de Gnephoek eo-16.png,color
Documenten bij Woo-besluit over correspondentie tussen besturen bij totstandkoming rapport Perspectief voor de Gnephoek eo-17.png,border
Documenten bij Woo-besluit over correspondentie tussen besturen bij totstandkoming rapport Perspectief voor de Gnephoek eo-18.png,color
Documenten bij Woo-besluit over correspondentie tussen besturen bij totstandkoming rapport Perspectief voor de Gnephoek eo-19.png,border
Documenten bij Woo-besluit over correspondentie tussen besturen bij totstandkoming rapport Perspectief voor de Gnephoek eo-2.png,gray
Documenten bij Woo-besluit over correspondentie tussen besturen bij totstandkoming rapport Perspectief voor de Gnephoek eo-20.png,border
Documenten bij Woo-besluit over correspondentie tussen besturen bij totstandkoming rapport Perspectief voor de Gnephoek eo-21.png,no_annotation
Documenten bij Woo-besluit over correspondentie tussen besturen bij totstandkoming rapport Perspectief voor de Gnephoek eo-22.png,color
Documenten bij Woo-besluit over correspondentie tussen besturen bij totstandkoming rapport Perspectief voor de Gnephoek eo-23.png,color
Documenten bij Woo-besluit over correspondentie tussen besturen bij totstandkoming rapport Perspectief voor de Gnephoek eo-24.png,border
Documenten bij Woo-besluit over correspondentie tussen besturen bij totstandkoming rapport Perspectief voor de Gnephoek eo-25.png,border
Documenten bij Woo-besluit over correspondentie tussen besturen bij totstandkoming rapport Perspectief voor de Gnephoek eo-26.png,border
Documenten bij Woo-besluit over correspondentie tussen besturen bij totstandkoming rapport Perspectief voor de Gnephoek eo-3.png,color
Documenten bij Woo-besluit over correspondentie tussen besturen bij totstandkoming rapport Perspectief voor de Gnephoek eo-4.png,color
Documenten bij Woo-besluit over correspondentie tussen besturen bij totstandkoming rapport Perspectief voor de Gnephoek eo-5.png,gray
Documenten bij Woo-besluit over correspondentie tussen besturen bij totstandkoming rapport Perspectief voor de Gnephoek eo-6.png,color
Documenten bij Woo-besluit over correspondentie tussen besturen bij totstandkoming rapport Perspectief voor de Gnephoek eo-7.png,gray
Documenten bij Woo-besluit over correspondentie tussen besturen bij totstandkoming rapport Perspectief voor de Gnephoek eo-8.png,no_annotation
Documenten bij Woo-besluit over correspondentie tussen besturen bij totstandkoming rapport Perspectief voor de Gnephoek eo-9.png,color
Documenten bij Woo-besluit over rapporten The Hague Centre for Strategic Studies _HCSS_-1.png,border
Documenten bij Woo-besluit over rapporten The Hague Centre for Strategic Studies _HCSS_-10.png,no_annotation
Documenten bij Woo-besluit over rapporten The Hague Centre for Strategic Studies _HCSS_-11.png,border
Documenten bij Woo-besluit over rapporten The Hague Centre for Strategic Studies _HCSS_-12.png,no_annotation
Documenten bij Woo-besluit over rapporten The Hague Centre for Strategic Studies _HCSS_-13.png,border
Documenten bij Woo-besluit over rapporten The Hague Centre for Strategic Studies _HCSS_-2.png,border
Documenten bij Woo-besluit over rapporten The Hague Centre for Strategic Studies _HCSS_-3.png,border
Documenten bij Woo-besluit over rapporten The Hague Centre for Strategic Studies _HCSS_-4.png,border
Documenten bij Woo-besluit over rapporten The Hague Centre for Strategic Studies _HCSS_-5.png,no_annotation
Documenten bij Woo-besluit over rapporten The Hague Centre for Strategic Studies _HCSS_-6.png,no_annotation
Documenten bij Woo-besluit over rapporten The Hague Centre for Strategic Studies _HCSS_-7.png,no_annotation
Documenten bij Woo-besluit over rapporten The Hague Centre for Strategic Studies _HCSS_-8.png,no_annotation
Documenten bij Woo-besluit over rapporten The Hague Centre for Strategic Studies _HCSS_-9.png,border
E-mail 21 Bijlage 2248_20210317_structuurplan_Molenstraat (geanonimiseerd)-1.png,no_annotation
E-mail 21 Bijlage 2248_20210317_structuurplan_Molenstraat (geanonimiseerd)-10.png,no_annotation
E-mail 21 Bijlage 2248_20210317_structuurplan_Molenstraat (geanonimiseerd)-11.png,no_annotation
E-mail 21 Bijlage 2248_20210317_structuurplan_Molenstraat (geanonimiseerd)-12.png,no_annotation
E-mail 21 Bijlage 2248_20210317_structuurplan_Molenstraat (geanonimiseerd)-13.png,no_annotation
E-mail 21 Bijlage 2248_20210317_structuurplan_Molenstraat (geanonimiseerd)-14.png,no_annotation
E-mail 21 Bijlage 2248_20210317_structuurplan_Molenstraat (geanonimiseerd)-15.png,no_annotation
E-mail 21 Bijlage 2248_20210317_structuurplan_Molenstraat (geanonimiseerd)-16.png,no_annotation
E-mail 21 Bijlage 2248_20210317_structuurplan_Molenstraat (geanonimiseerd)-17.png,no_annotation
E-mail 21 Bijlage 2248_20210317_structuurplan_Molenstraat (geanonimiseerd)-18.png,no_annotation
E-mail 21 Bijlage 2248_20210317_structuurplan_Molenstraat (geanonimiseerd)-19.png,no_annotation
E-mail 21 Bijlage 2248_20210317_structuurplan_Molenstraat (geanonimiseerd)-2.png,no_annotation
E-mail 21 Bijlage 2248_20210317_structuurplan_Molenstraat (geanonimiseerd)-3.png,no_annotation
E-mail 21 Bijlage 2248_20210317_structuurplan_Molenstraat (geanonimiseerd)-4.png,no_annotation
E-mail 21 Bijlage 2248_20210317_structuurplan_Molenstraat (geanonimiseerd)-5.png,no_annotation
E-mail 21 Bijlage 2248_20210317_structuurplan_Molenstraat (geanonimiseerd)-6.png,no_annotation
E-mail 21 Bijlage 2248_20210317_structuurplan_Molenstraat (geanonimiseerd)-7.png,no_annotation
E-mail 21 Bijlage 2248_20210317_structuurplan_Molenstraat (geanonimiseerd)-8.png,no_annotation
E-mail 21 Bijlage 2248_20210317_structuurplan_Molenstraat (geanonimiseerd)-9.png,no_annotation
Gelakte stukken Wob-verzoek omgevingsproces Ternaard 2e deel-1.png,gray
Gelakte stukken Wob-verzoek omgevingsproces Ternaard 2e deel-10.png,no_annotation
Gelakte stukken Wob-verzoek omgevingsproces Ternaard 2e deel-100.png,no_annotation
Gelakte stukken Wob-verzoek omgevingsproces Ternaard 2e deel-101.png,no_annotation
Gelakte stukken Wob-verzoek omgevingsproces Ternaard 2e deel-102.png,no_annotation
Gelakte stukken Wob-verzoek omgevingsproces Ternaard 2e deel-103.png,no_annotation
Gelakte stukken Wob-verzoek omgevingsproces Ternaard 2e deel-104.png,no_annotation
Gelakte stukken Wob-verzoek omgevingsproces Ternaard 2e deel-105.png,no_annotation
Gelakte stukken Wob-verzoek omgevingsproces Ternaard 2e deel-106.png,no_annotation
Gelakte stukken Wob-verzoek omgevingsproces Ternaard 2e deel-107.png,no_annotation
Gelakte stukken Wob-verzoek omgevingsproces Ternaard 2e deel-108.png,no_annotation
Gelakte stukken Wob-verzoek omgevingsproces Ternaard 2e deel-109.png,no_annotation
Gelakte stukken Wob-verzoek omgevingsproces Ternaard 2e deel-11.png,no_annotation
Gelakte stukken Wob-verzoek omgevingsproces Ternaard 2e deel-110.png,no_annotation
Gelakte stukken Wob-verzoek omgevingsproces Ternaard 2e deel-111.png,no_annotation
Gelakte stukken Wob-verzoek omgevingsproces Ternaard 2e deel-112.png,no_annotation
Gelakte stukken Wob-verzoek omgevingsproces Ternaard 2e deel-113.png,no_annotation
Gelakte stukken Wob-verzoek omgevingsproces Ternaard 2e deel-114.png,no_annotation
Gelakte stukken Wob-verzoek omgevingsproces Ternaard 2e deel-115.png,no_annotation
Gelakte stukken Wob-verzoek omgevingsproces Ternaard 2e deel-116.png,no_annotation
Gelakte stukken Wob-verzoek omgevingsproces Ternaard 2e deel-117.png,no_annotation
Gelakte stukken Wob-verzoek omgevingsproces Ternaard 2e deel-118.png,no_annotation
Gelakte stukken Wob-verzoek omgevingsproces Ternaard 2e deel-119.png,no_annotation
Gelakte stukken Wob-verzoek omgevingsproces Ternaard 2e deel-12.png,gray
Gelakte stukken Wob-verzoek omgevingsproces Ternaard 2e deel-120.png,no_annotation
Gelakte stukken Wob-verzoek omgevingsproces Ternaard 2e deel-121.png,black
Gelakte stukken Wob-verzoek omgevingsproces Ternaard 2e deel-122.png,no_annotation
Gelakte stukken Wob-verzoek omgevingsproces Ternaard 2e deel-123.png,no_annotation
Gelakte stukken Wob-verzoek omgevingsproces Ternaard 2e deel-124.png,no_annotation
Gelakte stukken Wob-verzoek omgevingsproces Ternaard 2e deel-125.png,no_annotation
Gelakte stukken Wob-verzoek omgevingsproces Ternaard 2e deel-126.png,no_annotation
Gelakte stukken Wob-verzoek omgevingsproces Ternaard 2e deel-127.png,no_annotation
Gelakte stukken Wob-verzoek omgevingsproces Ternaard 2e deel-128.png,no_annotation
Gelakte stukken Wob-verzoek omgevingsproces Ternaard 2e deel-129.png,no_annotation
Gelakte stukken Wob-verzoek omgevingsproces Ternaard 2e deel-13.png,gray
Gelakte stukken Wob-verzoek omgevingsproces Ternaard 2e deel-130.png,no_annotation
Gelakte stukken Wob-verzoek omgevingsproces Ternaard 2e deel-131.png,no_annotation
Gelakte stukken Wob-verzoek omgevingsproces Ternaard 2e deel-132.png,no_annotation
Gelakte stukken Wob-verzoek omgevingsproces Ternaard 2e deel-133.png,no_annotation
Gelakte stukken Wob-verzoek omgevingsproces Ternaard 2e deel-134.png,no_annotation
Gelakte stukken Wob-verzoek omgevingsproces Ternaard 2e deel-135.png,no_annotation
Gelakte stukken Wob-verzoek omgevingsproces Ternaard 2e deel-136.png,no_annotation
Gelakte stukken Wob-verzoek omgevingsproces Ternaard 2e deel-137.png,no_annotation
Gelakte stukken Wob-verzoek omgevingsproces Ternaard 2e deel-138.png,gray
Gelakte stukken Wob-verzoek omgevingsproces Ternaard 2e deel-139.png,no_annotation
Gelakte stukken Wob-verzoek omgevingsproces Ternaard 2e deel-14.png,no_annotation
Gelakte stukken Wob-verzoek omgevingsproces Ternaard 2e deel-140.png,gray
Gelakte stukken Wob-verzoek omgevingsproces Ternaard 2e deel-141.png,no_annotation
Gelakte stukken Wob-verzoek omgevingsproces Ternaard 2e deel-142.png,no_annotation
Gelakte stukken Wob-verzoek omgevingsproces Ternaard 2e deel-143.png,no_annotation
Gelakte stukken Wob-verzoek omgevingsproces Ternaard 2e deel-144.png,no_annotation
Gelakte stukken Wob-verzoek omgevingsproces Ternaard 2e deel-145.png,no_annotation
Gelakte stukken Wob-verzoek omgevingsproces Ternaard 2e deel-146.png,no_annotation
Gelakte stukken Wob-verzoek omgevingsproces Ternaard 2e deel-147.png,no_annotation
Gelakte stukken Wob-verzoek omgevingsproces Ternaard 2e deel-148.png,no_annotation
Gelakte stukken Wob-verzoek omgevingsproces Ternaard 2e deel-149.png,no_annotation
Gelakte stukken Wob-verzoek omgevingsproces Ternaard 2e deel-15.png,no_annotation
Gelakte stukken Wob-verzoek omgevingsproces Ternaard 2e deel-150.png,no_annotation
Gelakte stukken Wob-verzoek omgevingsproces Ternaard 2e deel-151.png,no_annotation
Gelakte stukken Wob-verzoek omgevingsproces Ternaard 2e deel-152.png,no_annotation
Gelakte stukken Wob-verzoek omgevingsproces Ternaard 2e deel-153.png,gray
Gelakte stukken Wob-verzoek omgevingsproces Ternaard 2e deel-154.png,gray
Gelakte stukken Wob-verzoek omgevingsproces Ternaard 2e deel-155.png,no_annotation
Gelakte stukken Wob-verzoek omgevingsproces Ternaard 2e deel-156.png,no_annotation
Gelakte stukken Wob-verzoek omgevingsproces Ternaard 2e deel-157.png,no_annotation
Gelakte stukken Wob-verzoek omgevingsproces Ternaard 2e deel-158.png,gray
Gelakte stukken Wob-verzoek omgevingsproces Ternaard 2e deel-159.png,no_annotation
Gelakte stukken Wob-verzoek omgevingsproces Ternaard 2e deel-16.png,no_annotation
Gelakte stukken Wob-verzoek omgevingsproces Ternaard 2e deel-160.png,gray
Gelakte stukken Wob-verzoek omgevingsproces Ternaard 2e deel-161.png,gray
Gelakte stukken Wob-verzoek omgevingsproces Ternaard 2e deel-162.png,gray
Gelakte stukken Wob-verzoek omgevingsproces Ternaard 2e deel-163.png,no_annotation
Gelakte stukken Wob-verzoek omgevingsproces Ternaard 2e deel-164.png,no_annotation
Gelakte stukken Wob-verzoek omgevingsproces Ternaard 2e deel-165.png,no_annotation
Gelakte stukken Wob-verzoek omgevingsproces Ternaard 2e deel-166.png,no_annotation
Gelakte stukken Wob-verzoek omgevingsproces Ternaard 2e deel-167.png,no_annotation
Gelakte stukken Wob-verzoek omgevingsproces Ternaard 2e deel-168.png,no_annotation
Gelakte stukken Wob-verzoek omgevingsproces Ternaard 2e deel-169.png,no_annotation
Gelakte stukken Wob-verzoek omgevingsproces Ternaard 2e deel-17.png,no_annotation
Gelakte stukken Wob-verzoek omgevingsproces Ternaard 2e deel-170.png,no_annotation
Gelakte stukken Wob-verzoek omgevingsproces Ternaard 2e deel-171.png,no_annotation
Gelakte stukken Wob-verzoek omgevingsproces Ternaard 2e deel-172.png,no_annotation
Gelakte stukken Wob-verzoek omgevingsproces Ternaard 2e deel-173.png,no_annotation
Gelakte stukken Wob-verzoek omgevingsproces Ternaard 2e deel-174.png,no_annotation
Gelakte stukken Wob-verzoek omgevingsproces Ternaard 2e deel-175.png,no_annotation
Gelakte stukken Wob-verzoek omgevingsproces Ternaard 2e deel-176.png,no_annotation
Gelakte stukken Wob-verzoek omgevingsproces Ternaard 2e deel-177.png,no_annotation
Gelakte stukken Wob-verzoek omgevingsproces Ternaard 2e deel-178.png,no_annotation
Gelakte stukken Wob-verzoek omgevingsproces Ternaard 2e deel-179.png,no_annotation
Gelakte stukken Wob-verzoek omgevingsproces Ternaard 2e deel-18.png,no_annotation
Gelakte stukken Wob-verzoek omgevingsproces Ternaard 2e deel-180.png,no_annotation
Gelakte stukken Wob-verzoek omgevingsproces Ternaard 2e deel-181.png,no_annotation
Gelakte stukken Wob-verzoek omgevingsproces Ternaard 2e deel-182.png,no_annotation
Gelakte stukken Wob-verzoek omgevingsproces Ternaard 2e deel-183.png,no_annotation
Gelakte stukken Wob-verzoek omgevingsproces Ternaard 2e deel-184.png,no_annotation
Gelakte stukken Wob-verzoek omgevingsproces Ternaard 2e deel-185.png,no_annotation
Gelakte stukken Wob-verzoek omgevingsproces Ternaard 2e deel-186.png,no_annotation
Gelakte stukken Wob-verzoek omgevingsproces Ternaard 2e deel-187.png,no_annotation
Gelakte stukken Wob-verzoek omgevingsproces Ternaard 2e deel-188.png,no_annotation
Gelakte stukken Wob-verzoek omgevingsproces Ternaard 2e deel-189.png,no_annotation
Gelakte stukken Wob-verzoek omgevingsproces Ternaard 2e deel-19.png,no_annotation
Gelakte stukken Wob-verzoek omgevingsproces Ternaard 2e deel-190.png,no_annotation
Gelakte stukken Wob-verzoek omgevingsproces Ternaard 2e deel-191.png,no_annotation
Gelakte stukken Wob-verzoek omgevingsproces Ternaard 2e deel-192.png,gray
Gelakte stukken Wob-verzoek omgevingsproces Ternaard 2e deel-193.png,no_annotation
Gelakte stukken Wob-verzoek omgevingsproces Ternaard 2e deel-194.png,gray
Gelakte stukken Wob-verzoek omgevingsproces Ternaard 2e deel-195.png,no_annotation
Gelakte stukken Wob-verzoek omgevingsproces Ternaard 2e deel-196.png,no_annotation
Gelakte stukken Wob-verzoek omgevingsproces Ternaard 2e deel-2.png,no_annotation
Gelakte stukken Wob-verzoek omgevingsproces Ternaard 2e deel-20.png,no_annotation
Gelakte stukken Wob-verzoek omgevingsproces Ternaard 2e deel-21.png,no_annotation
Gelakte stukken Wob-verzoek omgevingsproces Ternaard 2e deel-22.png,no_annotation
Gelakte stukken Wob-verzoek omgevingsproces Ternaard 2e deel-23.png,no_annotation
Gelakte stukken Wob-verzoek omgevingsproces Ternaard 2e deel-24.png,no_annotation
Gelakte stukken Wob-verzoek omgevingsproces Ternaard 2e deel-25.png,no_annotation
Gelakte stukken Wob-verzoek omgevingsproces Ternaard 2e deel-26.png,no_annotation
Gelakte stukken Wob-verzoek omgevingsproces Ternaard 2e deel-27.png,gray
Gelakte stukken Wob-verzoek omgevingsproces Ternaard 2e deel-28.png,no_annotation
Gelakte stukken Wob-verzoek omgevingsproces Ternaard 2e deel-29.png,no_annotation
Gelakte stukken Wob-verzoek omgevingsproces Ternaard 2e deel-3.png,no_annotation
Gelakte stukken Wob-verzoek omgevingsproces Ternaard 2e deel-30.png,no_annotation
Gelakte stukken Wob-verzoek omgevingsproces Ternaard 2e deel-31.png,no_annotation
Gelakte stukken Wob-verzoek omgevingsproces Ternaard 2e deel-32.png,no_annotation
Gelakte stukken Wob-verzoek omgevingsproces Ternaard 2e deel-33.png,no_annotation
Gelakte stukken Wob-verzoek omgevingsproces Ternaard 2e deel-34.png,no_annotation
Gelakte stukken Wob-verzoek omgevingsproces Ternaard 2e deel-35.png,no_annotation
Gelakte stukken Wob-verzoek omgevingsproces Ternaard 2e deel-36.png,no_annotation
Gelakte stukken Wob-verzoek omgevingsproces Ternaard 2e deel-37.png,no_annotation
Gelakte stukken Wob-verzoek omgevingsproces Ternaard 2e deel-38.png,no_annotation
Gelakte stukken Wob-verzoek omgevingsproces Ternaard 2e deel-39.png,no_annotation
Gelakte stukken Wob-verzoek omgevingsproces Ternaard 2e deel-4.png,no_annotation
Gelakte stukken Wob-verzoek omgevingsproces Ternaard 2e deel-40.png,no_annotation
Gelakte stukken Wob-verzoek omgevingsproces Ternaard 2e deel-41.png,gray
Gelakte stukken Wob-verzoek omgevingsproces Ternaard 2e deel-42.png,no_annotation
Gelakte stukken Wob-verzoek omgevingsproces Ternaard 2e deel-43.png,no_annotation
Gelakte stukken Wob-verzoek omgevingsproces Ternaard 2e deel-44.png,no_annotation
Gelakte stukken Wob-verzoek omgevingsproces Ternaard 2e deel-45.png,gray
Gelakte stukken Wob-verzoek omgevingsproces Ternaard 2e deel-46.png,no_annotation
Gelakte stukken Wob-verzoek omgevingsproces Ternaard 2e deel-47.png,no_annotation
Gelakte stukken Wob-verzoek omgevingsproces Ternaard 2e deel-48.png,no_annotation
Gelakte stukken Wob-verzoek omgevingsproces Ternaard 2e deel-49.png,no_annotation
Gelakte stukken Wob-verzoek omgevingsproces Ternaard 2e deel-5.png,no_annotation
Gelakte stukken Wob-verzoek omgevingsproces Ternaard 2e deel-50.png,no_annotation
Gelakte stukken Wob-verzoek omgevingsproces Ternaard 2e deel-51.png,no_annotation
Gelakte stukken Wob-verzoek omgevingsproces Ternaard 2e deel-52.png,no_annotation
Gelakte stukken Wob-verzoek omgevingsproces Ternaard 2e deel-53.png,no_annotation
Gelakte stukken Wob-verzoek omgevingsproces Ternaard 2e deel-54.png,no_annotation
Gelakte stukken Wob-verzoek omgevingsproces Ternaard 2e deel-55.png,no_annotation
Gelakte stukken Wob-verzoek omgevingsproces Ternaard 2e deel-56.png,no_annotation
Gelakte stukken Wob-verzoek omgevingsproces Ternaard 2e deel-57.png,no_annotation
Gelakte stukken Wob-verzoek omgevingsproces Ternaard 2e deel-58.png,no_annotation
Gelakte stukken Wob-verzoek omgevingsproces Ternaard 2e deel-59.png,no_annotation
Gelakte stukken Wob-verzoek omgevingsproces Ternaard 2e deel-6.png,no_annotation
Gelakte stukken Wob-verzoek omgevingsproces Ternaard 2e deel-60.png,no_annotation
Gelakte stukken Wob-verzoek omgevingsproces Ternaard 2e deel-61.png,no_annotation
Gelakte stukken Wob-verzoek omgevingsproces Ternaard 2e deel-62.png,no_annotation
Gelakte stukken Wob-verzoek omgevingsproces Ternaard 2e deel-63.png,no_annotation
Gelakte stukken Wob-verzoek omgevingsproces Ternaard 2e deel-64.png,no_annotation
Gelakte stukken Wob-verzoek omgevingsproces Ternaard 2e deel-65.png,no_annotation
Gelakte stukken Wob-verzoek omgevingsproces Ternaard 2e deel-66.png,no_annotation
Gelakte stukken Wob-verzoek omgevingsproces Ternaard 2e deel-67.png,no_annotation
Gelakte stukken Wob-verzoek omgevingsproces Ternaard 2e deel-68.png,no_annotation
Gelakte stukken Wob-verzoek omgevingsproces Ternaard 2e deel-69.png,no_annotation
Gelakte stukken Wob-verzoek omgevingsproces Ternaard 2e deel-7.png,no_annotation
Gelakte stukken Wob-verzoek omgevingsproces Ternaard 2e deel-70.png,no_annotation
Gelakte stukken Wob-verzoek omgevingsproces Ternaard 2e deel-71.png,no_annotation
Gelakte stukken Wob-verzoek omgevingsproces Ternaard 2e deel-72.png,no_annotation
Gelakte stukken Wob-verzoek omgevingsproces Ternaard 2e deel-73.png,no_annotation
Gelakte stukken Wob-verzoek omgevingsproces Ternaard 2e deel-74.png,no_annotation
Gelakte stukken Wob-verzoek omgevingsproces Ternaard 2e deel-75.png,no_annotation
Gelakte stukken Wob-verzoek omgevingsproces Ternaard 2e deel-76.png,gray
Gelakte stukken Wob-verzoek omgevingsproces Ternaard 2e deel-77.png,no_annotation
Gelakte stukken Wob-verzoek omgevingsproces Ternaard 2e deel-78.png,no_annotation
Gelakte stukken Wob-verzoek omgevingsproces Ternaard 2e deel-79.png,no_annotation
Gelakte stukken Wob-verzoek omgevingsproces Ternaard 2e deel-8.png,no_annotation
Gelakte stukken Wob-verzoek omgevingsproces Ternaard 2e deel-80.png,no_annotation
Gelakte stukken Wob-verzoek omgevingsproces Ternaard 2e deel-81.png,no_annotation
Gelakte stukken Wob-verzoek omgevingsproces Ternaard 2e deel-82.png,no_annotation
Gelakte stukken Wob-verzoek omgevingsproces Ternaard 2e deel-83.png,gray
Gelakte stukken Wob-verzoek omgevingsproces Ternaard 2e deel-84.png,no_annotation
Gelakte stukken Wob-verzoek omgevingsproces Ternaard 2e deel-85.png,no_annotation
Gelakte stukken Wob-verzoek omgevingsproces Ternaard 2e deel-86.png,no_annotation
Gelakte stukken Wob-verzoek omgevingsproces Ternaard 2e deel-87.png,no_annotation
Gelakte stukken Wob-verzoek omgevingsproces Ternaard 2e deel-88.png,no_annotation
Gelakte stukken Wob-verzoek omgevingsproces Ternaard 2e deel-89.png,no_annotation
Gelakte stukken Wob-verzoek omgevingsproces Ternaard 2e deel-9.png,no_annotation
Gelakte stukken Wob-verzoek omgevingsproces Ternaard 2e deel-90.png,no_annotation
Gelakte stukken Wob-verzoek omgevingsproces Ternaard 2e deel-91.png,no_annotation
Gelakte stukken Wob-verzoek omgevingsproces Ternaard 2e deel-92.png,no_annotation
Gelakte stukken Wob-verzoek omgevingsproces Ternaard 2e deel-93.png,gray
Gelakte stukken Wob-verzoek omgevingsproces Ternaard 2e deel-94.png,gray
Gelakte stukken Wob-verzoek omgevingsproces Ternaard 2e deel-95.png,no_annotation
Gelakte stukken Wob-verzoek omgevingsproces Ternaard 2e deel-96.png,no_annotation
Gelakte stukken Wob-verzoek omgevingsproces Ternaard 2e deel-97.png,no_annotation
Gelakte stukken Wob-verzoek omgevingsproces Ternaard 2e deel-98.png,no_annotation
Gelakte stukken Wob-verzoek omgevingsproces Ternaard 2e deel-99.png,no_annotation
Grimburgwal  voorportaal-1.png,black
IMAGES_00000_00000_14175046-1.png,black
IMAGES_00000_00000_14175046-2-1.png,black
IMAGES_00000_00000_14175046-2-2.png,no_annotation
IMAGES_00000_00000_14175046-2.png,no_annotation
K37089 Wildeman Storage openbaar_Bestanden_15275511-1.png,black
K37089 Wildeman Storage openbaar_Bestanden_15275511-2.png,black
K37089 Wildeman Storage openbaar_Bestanden_15275511-3.png,black
K37089 Wildeman Storage openbaar_Bestanden_15275511-4.png,black
K37089 Wildeman Storage openbaar_Bestanden_15433047-1.png,black
Mail concept raadsbrief 1-10-2020 pdf-1.png,black
Mail concept raadsbrief 1-10-2020 pdf-2.png,black
Mail concept raadsbrief 1-10-2020 pdf-3.png,black
Meetbouten Grimburgwal-1.png,black
Notulen 2022-09-5-1.png,black
Notulen 2022-09-5-2.png,black
P3 - proces 3_2. 20211007 Impressie Middachtensingel Arnhem-1.png,no_annotation
RE_Vervolgonderzoek_Windenergie_rond_de_Veluwe_gegevens_t_b_v_doorrekening_buca_s_i_r_t_stilstand_msg_34663024b1-1.png,black
RE_Vervolgonderzoek_Windenergie_rond_de_Veluwe_gegevens_t_b_v_doorrekening_buca_s_i_r_t_stilstand_msg_34663024b1-2.png,black
RE_Vervolgonderzoek_Windenergie_rond_de_Veluwe_gegevens_t_b_v_doorrekening_buca_s_i_r_t_stilstand_msg_34663024b1-3.png,black
RE_Vervolgonderzoek_Windenergie_rond_de_Veluwe_gegevens_t_b_v_doorrekening_buca_s_i_r_t_stilstand_msg_34663024b1-4.png,black
UPDATE_Windinitiatieven_Ermelo_Putten_msg_1df2cca9a7-1.png,black
Vareniuslaan en aansluiting op Spinozapad-1.png,black
Vareniuslaan en aansluiting op Spinozapad-2.png,no_annotation
Vareniuslaan en aansluiting op Spinozapad-3.png,no_annotation
Vareniuslaan en aansluiting op Spinozapad-4.png,no_annotation
beslisnota-bij-geannoteerde-agenda-formele-energieraad-28-03-1.png,gray
beslisnota-bij-geannoteerde-agenda-formele-energieraad-28-03-2.png,gray
bijlage-beslisnota-s-mirt-overzicht-2023-deltaprogramma-2023-en-geactualiseerde-spelregels-van-het-mirt-1.png,gray
bijlage-beslisnota-s-mirt-overzicht-2023-deltaprogramma-2023-en-geactualiseerde-spelregels-van-het-mirt-2.png,gray
bijlage-beslisnota-s-mirt-overzicht-2023-deltaprogramma-2023-en-geactualiseerde-spelregels-van-het-mirt-3.png,gray
bijlage-beslisnota-s-mirt-overzicht-2023-deltaprogramma-2023-en-geactualiseerde-spelregels-van-het-mirt-4.png,gray
bijlage-beslisnota-s-mirt-overzicht-2023-deltaprogramma-2023-en-geactualiseerde-spelregels-van-het-mirt-5.png,gray
bijlage-beslisnota-s-mirt-overzicht-2023-deltaprogramma-2023-en-geactualiseerde-spelregels-van-het-mirt-6.png,gray
documenten-180-226-1.png,gray
documenten-180-226-10.png,gray
documenten-180-226-11.png,gray
documenten-180-226-12.png,no_annotation
documenten-180-226-13.png,gray
documenten-180-226-14.png,gray
documenten-180-226-15.png,gray
documenten-180-226-16.png,gray
documenten-180-226-17.png,gray
documenten-180-226-18.png,gray
documenten-180-226-19.png,no_annotation
documenten-180-226-2.png,gray
documenten-180-226-20.png,no_annotation
documenten-180-226-21.png,gray
documenten-180-226-22.png,gray
documenten-180-226-23.png,gray
documenten-180-226-24.png,no_annotation
documenten-180-226-25.png,gray
documenten-180-226-26.png,gray
documenten-180-226-27.png,gray
documenten-180-226-28.png,gray
documenten-180-226-29.png,gray
documenten-180-226-3.png,no_annotation
documenten-180-226-30.png,gray
documenten-180-226-31.png,gray
documenten-180-226-32.png,gray
documenten-180-226-33.png,no_annotation
documenten-180-226-34.png,gray
documenten-180-226-35.png,gray
documenten-180-226-36.png,gray
documenten-180-226-37.png,gray
documenten-180-226-38.png,gray
documenten-180-226-39.png,gray
documenten-180-226-4.png,no_annotation
documenten-180-226-40.png,gray
documenten-180-226-41.png,gray
documenten-180-226-42.png,gray
documenten-180-226-43.png,gray
documenten-180-226-44.png,gray
documenten-180-226-45.png,gray
documenten-180-226-46.png,gray
documenten-180-226-47.png,gray
documenten-180-226-48.png,gray
documenten-180-226-49.png,gray
documenten-180-226-5.png,gray
documenten-180-226-50.png,gray
documenten-180-226-51.png,gray
documenten-180-226-52.png,gray
documenten-180-226-53.png,gray
documenten-180-226-54.png,gray
documenten-180-226-55.png,gray
documenten-180-226-56.png,gray
documenten-180-226-57.png,gray
documenten-180-226-58.png,gray
documenten-180-226-59.png,gray
documenten-180-226-6.png,gray
documenten-180-226-60.png,gray
documenten-180-226-61.png,gray
documenten-180-226-62.png,gray
documenten-180-226-63.png,gray
documenten-180-226-64.png,gray
documenten-180-226-65.png,gray
documenten-180-226-66.png,no_annotation
documenten-180-226-67.png,no_annotation
documenten-180-226-68.png,gray
documenten-180-226-69.png,gray
documenten-180-226-7.png,gray
documenten-180-226-70.png,gray
documenten-180-226-71.png,gray
documenten-180-226-72.png,gray
documenten-180-226-73.png,gray
documenten-180-226-74.png,gray
documenten-180-226-75.png,gray
documenten-180-226-76.png,gray
documenten-180-226-77.png,gray
documenten-180-226-78.png,gray
documenten-180-226-79.png,gray
documenten-180-226-8.png,no_annotation
documenten-180-226-80.png,gray
documenten-180-226-81.png,gray
documenten-180-226-82.png,gray
documenten-180-226-83.png,gray
documenten-180-226-84.png,gray
documenten-180-226-85.png,gray
documenten-180-226-86.png,gray
documenten-180-226-87.png,gray
documenten-180-226-88.png,gray
documenten-180-226-9.png,no_annotation
documenten-180-226-90.png,gray
foto_locatie-1.png,no_annotation
heel_moeilijk-1.png,color
heel_moeilijk-10.png,no_annotation
heel_moeilijk-2.png,no_annotation
heel_moeilijk-3.png,no_annotation
heel_moeilijk-4.png,no_annotation
heel_moeilijk-5.png,no_annotation
heel_moeilijk-6.png,no_annotation
heel_moeilijk-7.png,no_annotation
heel_moeilijk-8.png,no_annotation
heel_moeilijk-9.png,no_annotation
nl.mnre1058.2i.2022.1.misc.9-1.png,border
nl.mnre1058.2i.2022.1.misc.9-10.png,border
nl.mnre1058.2i.2022.1.misc.9-11.png,border
nl.mnre1058.2i.2022.1.misc.9-12.png,no_annotation
nl.mnre1058.2i.2022.1.misc.9-13.png,border
nl.mnre1058.2i.2022.1.misc.9-14.png,border
nl.mnre1058.2i.2022.1.misc.9-15.png,border
nl.mnre1058.2i.2022.1.misc.9-16.png,no_annotation
nl.mnre1058.2i.2022.1.misc.9-17.png,border
nl.mnre1058.2i.2022.1.misc.9-18.png,border
nl.mnre1058.2i.2022.1.misc.9-19.png,border
nl.mnre1058.2i.2022.1.misc.9-2.png,no_annotation
nl.mnre1058.2i.2022.1.misc.9-20.png,no_annotation
nl.mnre1058.2i.2022.1.misc.9-21.png,border
nl.mnre1058.2i.2022.1.misc.9-22.png,no_annotation
nl.mnre1058.2i.2022.1.misc.9-23.png,no_annotation
nl.mnre1058.2i.2022.1.misc.9-24.png,no_annotation
nl.mnre1058.2i.2022.1.misc.9-25.png,no_annotation
nl.mnre1058.2i.2022.1.misc.9-26.png,no_annotation
nl.mnre1058.2i.2022.1.misc.9-27.png,no_annotation
nl.mnre1058.2i.2022.1.misc.9-28.png,no_annotation
nl.mnre1058.2i.2022.1.misc.9-29.png,no_annotation
nl.mnre1058.2i.2022.1.misc.9-3.png,border
nl.mnre1058.2i.2022.1.misc.9-30.png,no_annotation
nl.mnre1058.2i.2022.1.misc.9-31.png,border
nl.mnre1058.2i.2022.1.misc.9-32.png,no_annotation
nl.mnre1058.2i.2022.1.misc.9-33.png,no_annotation
nl.mnre1058.2i.2022.1.misc.9-34.png,no_annotation
nl.mnre1058.2i.2022.1.misc.9-35.png,no_annotation
nl.mnre1058.2i.2022.1.misc.9-36.png,no_annotation
nl.mnre1058.2i.2022.1.misc.9-37.png,no_annotation
nl.mnre1058.2i.2022.1.misc.9-38.png,no_annotation
nl.mnre1058.2i.2022.1.misc.9-39.png,no_annotation
nl.mnre1058.2i.2022.1.misc.9-4.png,border
nl.mnre1058.2i.2022.1.misc.9-40.png,no_annotation
nl.mnre1058.2i.2022.1.misc.9-41.png,no_annotation
nl.mnre1058.2i.2022.1.misc.9-42.png,border
nl.mnre1058.2i.2022.1.misc.9-43.png,border
nl.mnre1058.2i.2022.1.misc.9-44.png,border
nl.mnre1058.2i.2022.1.misc.9-45.png,no_annotation
nl.mnre1058.2i.2022.1.misc.9-46.png,border
nl.mnre1058.2i.2022.1.misc.9-47.png,border
nl.mnre1058.2i.2022.1.misc.9-48.png,border
nl.mnre1058.2i.2022.1.misc.9-49.png,border
nl.mnre1058.2i.2022.1.misc.9-5.png,border
nl.mnre1058.2i.2022.1.misc.9-50.png,gray
nl.mnre1058.2i.2022.1.misc.9-51.png,gray
nl.mnre1058.2i.2022.1.misc.9-52.png,border
nl.mnre1058.2i.2022.1.misc.9-53.png,border
nl.mnre1058.2i.2022.1.misc.9-54.png,border
nl.mnre1058.2i.2022.1.misc.9-55.png,border
nl.mnre1058.2i.2022.1.misc.9-56.png,border
nl.mnre1058.2i.2022.1.misc.9-57.png,border
nl.mnre1058.2i.2022.1.misc.9-6.png,border
nl.mnre1058.2i.2022.1.misc.9-7.png,border
nl.mnre1058.2i.2022.1.misc.9-8.png,border
nl.mnre1058.2i.2022.1.misc.9-9.png,border
wob-verzoek-1.png,no_annotation
wob-verzoek-2.png,black
wob-verzoek-3.png,no_annotation
wob-verzoek-4.png,no_annotation
wob-verzoek-5.png,black
wob-verzoek-6.png,black
wob_verzoek_plantage_muidergracht_geredigeerd-1.png,black
wob_verzoek_plantage_muidergracht_geredigeerd-2.png,black
wob_verzoek_plantage_muidergracht_geredigeerd-3.png,gray
Bijlagen bij besluit Woo-verzoek over verantwoord medicijngebruik-1.png,gray
Bijlagen bij besluit Woo-verzoek over verantwoord medicijngebruik-2.png,gray
Bijlagen bij besluit Woo-verzoek over verantwoord medicijngebruik-3.png,gray
Bijlagen bij besluit Woo-verzoek over verantwoord medicijngebruik-4.png,gray
Bijlagen bij besluit Woo-verzoek over verantwoord medicijngebruik-5.png,gray
Bijlagen bij besluit Woo-verzoek over verantwoord medicijngebruik-6.png,gray
Bijlagen bij besluit Woo-verzoek over verantwoord medicijngebruik-7.png,gray
Bijlagen bij besluit Woo-verzoek over verantwoord medicijngebruik-8.png,gray
Bijlagen bij besluit Woo-verzoek over verantwoord medicijngebruik-10.png,gray
Bijlagen bij besluit Woo-verzoek over verantwoord medicijngebruik-11.png,no_annotation
Bijlagen bij besluit Woo-verzoek over verantwoord medicijngebruik-12.png,gray
Bijlagen bij besluit Woo-verzoek over verantwoord medicijngebruik-13.png,no_annotation
Bijlagen bij besluit Woo-verzoek over verantwoord medicijngebruik-14.png,no_annotation
Bijlagen bij besluit Woo-verzoek over verantwoord medicijngebruik-15.png,no_annotation
Bijlagen bij besluit Woo-verzoek over verantwoord medicijngebruik-16.png,gray
Bijlagen bij besluit Woo-verzoek over verantwoord medicijngebruik-17.png,gray
Bijlagen bij besluit Woo-verzoek over verantwoord medicijngebruik-18.png,gray
Bijlagen bij besluit Woo-verzoek over verantwoord medicijngebruik-19.png,gray
Bijlagen bij besluit Woo-verzoek over verantwoord medicijngebruik-21.png,gray
Bijlagen bij besluit Woo-verzoek over verantwoord medicijngebruik-22.png,gray
Bijlagen bij besluit Woo-verzoek over verantwoord medicijngebruik-23.png,no_annotation
Bijlagen bij besluit Woo-verzoek over verantwoord medicijngebruik-24.png,no_annotation
Bijlagen bij besluit Woo-verzoek over verantwoord medicijngebruik-25.png,gray
Bijlagen bij besluit Woo-verzoek over verantwoord medicijngebruik-26.png,no_annotation
Bijlagen bij besluit Woo-verzoek over verantwoord medicijngebruik-28.png,gray
Bijlagen bij besluit Woo-verzoek over verantwoord medicijngebruik-29.png,gray
Bijlagen bij besluit Woo-verzoek over verantwoord medicijngebruik-30.png,gray
Bijlagen bij besluit Woo-verzoek over verantwoord medicijngebruik-31.png,no_annotation
Bijlagen bij besluit Woo-verzoek over verantwoord medicijngebruik-33.png,gray
Bijlagen bij besluit Woo-verzoek over verantwoord medicijngebruik-35.png,gray
Bijlagen bij besluit Woo-verzoek over verantwoord medicijngebruik-36.png,gray
Bijlagen bij besluit Woo-verzoek over verantwoord medicijngebruik-37.png,no_annotation
Bijlagen bij besluit Woo-verzoek over verantwoord medicijngebruik-38.png,gray
Bijlagen bij besluit Woo-verzoek over verantwoord medicijngebruik-39.png,gray
Bijlagen bij besluit Woo-verzoek over verantwoord medicijngebruik-40.png,gray
Bijlagen bij besluit Woo-verzoek over verantwoord medicijngebruik-41.png,gray
Bijlagen bij besluit Woo-verzoek over verantwoord medicijngebruik-42.png,no_annotation
Bijlagen bij besluit Woo-verzoek over verantwoord medicijngebruik-43.png,no_annotation
Bijlagen bij besluit Woo-verzoek over verantwoord medicijngebruik-44.png,no_annotation
Bijlagen bij besluit Woo-verzoek over verantwoord medicijngebruik-45.png,gray
Bijlagen bij besluit Woo-verzoek over verantwoord medicijngebruik-46.png,gray
Bijlagen bij besluit Woo-verzoek over verantwoord medicijngebruik-47.png,gray
Bijlagen bij besluit Woo-verzoek over verantwoord medicijngebruik-48.png,gray
Bijlagen bij besluit Woo-verzoek over verantwoord medicijngebruik-49.png,no_annotation
Bijlagen bij besluit Woo-verzoek over verantwoord medicijngebruik-50.png,gray
Bijlagen bij besluit Woo-verzoek over verantwoord medicijngebruik-51.png,gray
Bijlagen bij besluit Woo-verzoek over verantwoord medicijngebruik-52.png,gray
Bijlagen bij besluit Woo-verzoek over verantwoord medicijngebruik-53.png,no_annotation
Bijlagen bij besluit Woo-verzoek over verantwoord medicijngebruik-54.png,gray
Bijlagen bij besluit Woo-verzoek over verantwoord medicijngebruik-55.png,gray
Bijlagen bij besluit Woo-verzoek over verantwoord medicijngebruik-58.png,gray
Bijlagen bij besluit Woo-verzoek over verantwoord medicijngebruik-59.png,gray
Bijlagen bij besluit Woo-verzoek over verantwoord medicijngebruik-60.png,no_annotation
Bijlagen bij besluit Woo-verzoek over verantwoord medicijngebruik-61.png,no_annotation
Bijlagen bij besluit Woo-verzoek over verantwoord medicijngebruik-62.png,no_annotation
Bijlagen bij besluit Woo-verzoek over verantwoord medicijngebruik-63.png,no_annotation
Bijlagen bij besluit Woo-verzoek over verantwoord medicijngebruik-64.png,gray
Bijlagen bij besluit Woo-verzoek over verantwoord medicijngebruik-65.png,gray
Bijlagen bij besluit Woo-verzoek over verantwoord medicijngebruik-66.png,no_annotation
Bijlagen bij besluit Woo-verzoek over verantwoord medicijngebruik-69.png,gray
Bijlagen bij besluit Woo-verzoek over verantwoord medicijngebruik-70.png,gray
Bijlagen bij besluit Woo-verzoek over verantwoord medicijngebruik-71.png,no_annotation
Bijlagen bij besluit Woo-verzoek over verantwoord medicijngebruik-72.png,gray
Bijlagen bij besluit Woo-verzoek over verantwoord medicijngebruik-73.png,gray
Bijlagen bij besluit Woo-verzoek over verantwoord medicijngebruik-74.png,gray
Bijlagen bij besluit Woo-verzoek over verantwoord medicijngebruik-75.png,gray
Bijlagen bij besluit Woo-verzoek over verantwoord medicijngebruik-76.png,gray
Bijlagen bij besluit Woo-verzoek over verantwoord medicijngebruik-77.png,gray
Bijlagen bij besluit Woo-verzoek over verantwoord medicijngebruik-78.png,no_annotation
Bijlagen bij besluit Woo-verzoek over verantwoord medicijngebruik-79.png,gray
Bijlagen bij besluit Woo-verzoek over verantwoord medicijngebruik-82.png,gray
Bijlagen bij besluit Woo-verzoek over verantwoord medicijngebruik-83.png,gray
Bijlagen bij besluit Woo-verzoek over verantwoord medicijngebruik-85.png,no_annotation
Bijlagen bij besluit Woo-verzoek over verantwoord medicijngebruik-86.png,gray
Bijlagen bij besluit Woo-verzoek over verantwoord medicijngebruik-87.png,gray
Bijlagen bij besluit Woo-verzoek over verantwoord medicijngebruik-88.png,gray
Bijlagen bij besluit Woo-verzoek over verantwoord medicijngebruik-89.png,gray
Bijlagen bij besluit Woo-verzoek over verantwoord medicijngebruik-90.png,gray
Bijlagen bij besluit Woo-verzoek over verantwoord medicijngebruik-92.png,gray
Bijlagen bij besluit Woo-verzoek over verantwoord medicijngebruik-93.png,gray
Bijlagen bij besluit Woo-verzoek over verantwoord medicijngebruik-94.png,gray
Bijlagen bij besluit Woo-verzoek over verantwoord medicijngebruik-95.png,no_annotation
Bijlagen bij besluit Woo-verzoek over verantwoord medicijngebruik-96.png,no_annotation
Bijlagen bij besluit Woo-verzoek over verantwoord medicijngebruik-97.png,no_annotation
Bijlagen bij besluit Woo-verzoek over verantwoord medicijngebruik-98.png,gray
Bijlagen bij besluit Woo-verzoek over verantwoord medicijngebruik-99.png,gray
Bijlagen bij besluit Woo-verzoek over verantwoord medicijngebruik-100.png,gray
Bijlagen bij besluit Woo-verzoek over verantwoord medicijngebruik-102.png,gray
Bijlagen bij besluit Woo-verzoek over verantwoord medicijngebruik-103.png,gray
Bijlagen bij besluit Woo-verzoek over verantwoord medicijngebruik-104.png,no_annotation
Bijlagen bij besluit Woo-verzoek over verantwoord medicijngebruik-105.png,no_annotation
Bijlagen bij besluit Woo-verzoek over verantwoord medicijngebruik-106.png,gray
Bijlagen bij besluit Woo-verzoek over verantwoord medicijngebruik-109.png,gray
Bijlagen bij besluit Woo-verzoek over verantwoord medicijngebruik-110.png,gray
Bijlagen bij besluit Woo-verzoek over verantwoord medicijngebruik-111.png,gray
Bijlagen bij besluit Woo-verzoek over verantwoord medicijngebruik-112.png,
Bijlagen bij besluit Woo-verzoek over verantwoord medicijngebruik-113.png,gray
Bijlagen bij besluit Woo-verzoek over verantwoord medicijngebruik-114.png,gray
Bijlagen bij besluit Woo-verzoek over verantwoord medicijngebruik-115.png,gray
Bijlagen bij besluit Woo-verzoek over verantwoord medicijngebruik-116.png,gray
Bijlagen bij besluit Woo-verzoek over verantwoord medicijngebruik-117.png,gray
Bijlagen bij besluit Woo-verzoek over verantwoord medicijngebruik-118.png,no_annotation
Bijlagen bij besluit Woo-verzoek over verantwoord medicijngebruik-119.png,no_annotation
Bijlagen bij besluit Woo-verzoek over verantwoord medicijngebruik-121.png,gray
Bijlagen bij besluit Woo-verzoek over verantwoord medicijngebruik-123.png,gray
Bijlagen bij besluit Woo-verzoek over verantwoord medicijngebruik-127.png,gray
Bijlagen bij besluit Woo-verzoek over verantwoord medicijngebruik-128.png,gray
Bijlagen bij besluit Woo-verzoek over verantwoord medicijngebruik-129.png,gray
Bijlagen bij besluit Woo-verzoek over verantwoord medicijngebruik-130.png,gray
Bijlagen bij besluit Woo-verzoek over verantwoord medicijngebruik-131.png,gray
Bijlagen bij besluit Woo-verzoek over verantwoord medicijngebruik-132.png,gray
Bijlagen bij besluit Woo-verzoek over verantwoord medicijngebruik-133.png,gray
Bijlagen bij besluit Woo-verzoek over verantwoord medicijngebruik-134.png,gray
Bijlagen bij besluit Woo-verzoek over verantwoord medicijngebruik-135.png,gray
Bijlagen bij besluit Woo-verzoek over verantwoord medicijngebruik-136.png,gray
Bijlagen bij besluit Woo-verzoek over verantwoord medicijngebruik-137.png,gray
Bijlagen bij besluit Woo-verzoek over verantwoord medicijngebruik-138.png,gray
Bijlagen bij besluit Woo-verzoek over verantwoord medicijngebruik-139.png,gray
Bijlagen bij besluit Woo-verzoek over verantwoord medicijngebruik-140.png,gray
Bijlagen bij besluit Woo-verzoek over verantwoord medicijngebruik-141.png,gray
Bijlagen bij besluit Woo-verzoek over verantwoord medicijngebruik-142.png,gray
Bijlagen bij besluit Woo-verzoek over verantwoord medicijngebruik-143.png,gray
Bijlagen bij besluit Woo-verzoek over verantwoord medicijngebruik-144.png,gray
Bijlagen bij besluit Woo-verzoek over verantwoord medicijngebruik-145.png,gray
Bijlagen bij besluit Woo-verzoek over verantwoord medicijngebruik-146.png,gray
Bijlagen bij besluit Woo-verzoek over verantwoord medicijngebruik-147.png,gray
Bijlagen bij besluit Woo-verzoek over verantwoord medicijngebruik-148.png,gray
Bijlagen bij besluit Woo-verzoek over verantwoord medicijngebruik-149.png,gray
Bijlagen bij besluit Woo-verzoek over verantwoord medicijngebruik-150.png,gray
Bijlagen bij besluit Woo-verzoek over verantwoord medicijngebruik-151.png,gray
Bijlagen bij besluit Woo-verzoek over verantwoord medicijngebruik-152.png,gray
Bijlagen bij besluit Woo-verzoek over verantwoord medicijngebruik-153.png,gray
Bijlagen bij besluit Woo-verzoek over verantwoord medicijngebruik-154.png,gray
Bijlagen bij besluit Woo-verzoek over verantwoord medicijngebruik-155.png,gray
Bijlagen bij besluit Woo-verzoek over verantwoord medicijngebruik-156.png,gray
Bijlagen bij besluit Woo-verzoek over verantwoord medicijngebruik-157.png,gray
Bijlagen bij besluit Woo-verzoek over verantwoord medicijngebruik-158.png,gray
Bijlagen bij besluit Woo-verzoek over verantwoord medicijngebruik-159.png,gray
Bijlagen bij besluit Woo-verzoek over verantwoord medicijngebruik-160.png,gray
Bijlagen bij besluit Woo-verzoek over verantwoord medicijngebruik-161.png,gray
Bijlagen bij besluit Woo-verzoek over verantwoord medicijngebruik-162.png,gray
Bijlagen bij besluit Woo-verzoek over verantwoord medicijngebruik-163.png,gray
Bijlagen bij besluit Woo-verzoek over verantwoord medicijngebruik-164.png,gray
Bijlagen bij besluit Woo-verzoek over verantwoord medicijngebruik-165.png,gray
Bijlagen bij besluit Woo-verzoek over verantwoord medicijngebruik-166.png,gray
Bijlagen bij besluit Woo-verzoek over verantwoord medicijngebruik-167.png,no_annotation
Bijlagen bij besluit Woo-verzoek over verantwoord medicijngebruik-168.png,no_annotation
Bijlagen bij besluit Woo-verzoek over verantwoord medicijngebruik-169.png,no_annotation
Bijlagen bij besluit Woo-verzoek over verantwoord medicijngebruik-170.png,no_annotation
Bijlagen bij besluit Woo-verzoek over verantwoord medicijngebruik-171.png,no_annotation
Bijlagen bij besluit Woo-verzoek over verantwoord medicijngebruik-172.png,no_annotation
Bijlagen bij besluit Woo-verzoek over verantwoord medicijngebruik-173.png,no_annotation
Bijlagen bij besluit Woo-verzoek over verantwoord medicijngebruik-174.png,no_annotation
Bijlagen bij besluit Woo-verzoek over verantwoord medicijngebruik-175.png,no_annotation
Bijlagen bij besluit Woo-verzoek over verantwoord medicijngebruik-176.png,no_annotation
Bijlagen bij besluit Woo-verzoek over verantwoord medicijngebruik-177.png,no_annotation
Bijlagen bij besluit Woo-verzoek over verantwoord medicijngebruik-178.png,no_annotation
Bijlagen bij besluit Woo-verzoek over verantwoord medicijngebruik-179.png,no_annotation
Bijlagen bij besluit Woo-verzoek over verantwoord medicijngebruik-180.png,no_annotation
Bijlagen bij besluit Woo-verzoek over verantwoord medicijngebruik-181.png,no_annotation
Bijlagen bij besluit Woo-verzoek over verantwoord medicijngebruik-182.png,no_annotation
Bijlagen bij besluit Woo-verzoek over verantwoord medicijngebruik-183.png,no_annotation
Bijlagen bij besluit Woo-verzoek over verantwoord medicijngebruik-188.png,gray
Bijlagen bij besluit Woo-verzoek over verantwoord medicijngebruik-189.png,no_annotation
Bijlagen bij besluit Woo-verzoek over verantwoord medicijngebruik-191.png,gray
Bijlagen bij besluit Woo-verzoek over verantwoord medicijngebruik-192.png,gray
Bijlagen bij besluit Woo-verzoek over verantwoord medicijngebruik-193.png,gray
Bijlagen bij besluit Woo-verzoek over verantwoord medicijngebruik-194.png,gray
Bijlagen bij besluit Woo-verzoek over verantwoord medicijngebruik-195.png,no_annotation
Bijlagen bij besluit Woo-verzoek over verantwoord medicijngebruik-196.png,gray
Bijlagen bij besluit Woo-verzoek over verantwoord medicijngebruik-197.png,gray
Bijlagen bij besluit Woo-verzoek over verantwoord medicijngebruik-198.png,gray
Bijlagen bij besluit Woo-verzoek over verantwoord medicijngebruik-201.png,gray
Bijlagen bij besluit Woo-verzoek over verantwoord medicijngebruik-202.png,gray
Bijlagen bij besluit Woo-verzoek over verantwoord medicijngebruik-204.png,gray
Bijlagen bij besluit Woo-verzoek over verantwoord medicijngebruik-205.png,gray
Bijlagen bij besluit Woo-verzoek over verantwoord medicijngebruik-206.png,gray
Bijlagen bij besluit Woo-verzoek over verantwoord medicijngebruik-208.png,gray
Bijlagen bij besluit Woo-verzoek over verantwoord medicijngebruik-210.png,gray
Bijlagen bij besluit Woo-verzoek over verantwoord medicijngebruik-211.png,gray
Bijlagen bij besluit Woo-verzoek over verantwoord medicijngebruik-215.png,gray
Bijlagen bij besluit Woo-verzoek over verantwoord medicijngebruik-216.png,gray
Bijlagen bij besluit Woo-verzoek over verantwoord medicijngebruik-217.png,gray
Bijlagen bij besluit Woo-verzoek over verantwoord medicijngebruik-218.png,gray
Bijlagen bij besluit Woo-verzoek over verantwoord medicijngebruik-219.png,gray
Bijlagen bij besluit Woo-verzoek over verantwoord medicijngebruik-221.png,gray
Bijlagen bij besluit Woo-verzoek over verantwoord medicijngebruik-222.png,gray
Bijlagen bij besluit Woo-verzoek over verantwoord medicijngebruik-228.png,gray
Bijlagen bij besluit Woo-verzoek over verantwoord medicijngebruik-229.png,gray
Bijlagen bij besluit Woo-verzoek over verantwoord medicijngebruik-230.png,gray
Bijlagen bij besluit Woo-verzoek over verantwoord medicijngebruik-231.png,no_annotation
Bijlagen bij besluit Woo-verzoek over verantwoord medicijngebruik-232.png,no_annotation
Bijlagen bij besluit Woo-verzoek over verantwoord medicijngebruik-233.png,no_annotation
Bijlagen bij besluit Woo-verzoek over verantwoord medicijngebruik-234.png,no_annotation
Bijlagen bij besluit Woo-verzoek over verantwoord medicijngebruik-235.png,no_annotation
Bijlagen bij besluit Woo-verzoek over verantwoord medicijngebruik-237.png,gray
Bijlagen bij besluit Woo-verzoek over verantwoord medicijngebruik-238.png,gray
Bijlagen bij besluit Woo-verzoek over verantwoord medicijngebruik-239.png,no_annotation
Bijlagen bij besluit Woo-verzoek over verantwoord medicijngebruik-240.png,gray
Bijlagen bij besluit Woo-verzoek over verantwoord medicijngebruik-241.png,no_annotation
Bijlagen bij besluit Woo-verzoek over verantwoord medicijngebruik-242.png,no_annotation
Bijlagen bij besluit Woo-verzoek over verantwoord medicijngebruik-243.png,no_annotation
Bijlagen bij besluit Woo-verzoek over verantwoord medicijngebruik-244.png,gray
Bijlagen bij besluit Woo-verzoek over verantwoord medicijngebruik-245.png,gray
c-sms-berichten-mp-sg-1.png,gray
c-sms-berichten-mp-sg-2.png,gray
c-sms-berichten-mp-sg-3.png,no_annotation
c-sms-berichten-mp-sg-4.png,gray
c-sms-berichten-mp-sg-5.png,no_annotation
c-sms-berichten-mp-sg-6.png,gray
c-sms-berichten-mp-sg-7.png,gray
c-sms-berichten-mp-sg-8.png,no_annotation
c-sms-berichten-mp-sg-9.png,gray
c-sms-berichten-mp-sg-10.png,gray
c-sms-berichten-mp-sg-11.png,gray
c-sms-berichten-mp-sg-12.png,gray
c-sms-berichten-mp-sg-13.png,gray
c-sms-berichten-mp-sg-14.png,gray
c-sms-berichten-mp-sg-15.png,gray
c-sms-berichten-mp-sg-16.png,gray
c-sms-berichten-mp-sg-17.png,no_annotation
c-sms-berichten-mp-sg-18.png,no_annotation
c-sms-berichten-mp-sg-19.png,gray
c-sms-berichten-mp-sg-20.png,no_annotation
c-sms-berichten-mp-sg-21.png,gray
c-sms-berichten-mp-sg-22.png,gray
c-sms-berichten-mp-sg-23.png,gray
c-sms-berichten-mp-sg-25.png,gray
c-sms-berichten-mp-sg-26.png,gray
c-sms-berichten-mp-sg-27.png,no_annotation
c-sms-berichten-mp-sg-28.png,no_annotation
c-sms-berichten-mp-sg-29.png,no_annotation
c-sms-berichten-mp-sg-30.png,gray
c-sms-berichten-mp-sg-31.png,gray
c-sms-berichten-mp-sg-32.png,gray
c-sms-berichten-mp-sg-33.png,gray
c-sms-berichten-mp-sg-34.png,no_annotation
c-sms-berichten-mp-sg-35.png,gray
c-sms-berichten-mp-sg-36.png,gray
c-sms-berichten-mp-sg-37.png,gray
c-sms-berichten-mp-sg-38.png,gray
c-sms-berichten-mp-sg-39.png,gray
c-sms-berichten-mp-sg-40.png,gray
c-sms-berichten-mp-sg-41.png,gray
c-sms-berichten-mp-sg-42.png,gray
c-sms-berichten-mp-sg-43.png,gray
c-sms-berichten-mp-sg-44.png,gray
c-sms-berichten-mp-sg-45.png,no_annotation
Documenten bij besluit op Wob-verzoek over via Koninklijk Besluit verlopen benoemingen binnen Centraal Tuchtcollege voor de Gezondheidszorg-1.png,gray
Documenten bij besluit op Wob-verzoek over via Koninklijk Besluit verlopen benoemingen binnen Centraal Tuchtcollege voor de Gezondheidszorg-2.png,gray
Documenten bij besluit op Wob-verzoek over via Koninklijk Besluit verlopen benoemingen binnen Centraal Tuchtcollege voor de Gezondheidszorg-3.png,gray
Documenten bij besluit op Wob-verzoek over via Koninklijk Besluit verlopen benoemingen binnen Centraal Tuchtcollege voor de Gezondheidszorg-4.png,gray
Documenten bij besluit op Wob-verzoek over via Koninklijk Besluit verlopen benoemingen binnen Centraal Tuchtcollege voor de Gezondheidszorg-5.png,gray
Documenten bij besluit op Wob-verzoek over via Koninklijk Besluit verlopen benoemingen binnen Centraal Tuchtcollege voor de Gezondheidszorg-6.png,gray
woo-voorbereiding-toespraak-14-december-2020-1.png,gray
woo-voorbereiding-toespraak-14-december-2020-2.png,no_annotation
woo-voorbereiding-toespraak-14-december-2020-3.png,gray
woo-voorbereiding-toespraak-14-december-2020-4.png,gray
woo-voorbereiding-toespraak-14-december-2020-5.png,no_annotation
woo-voorbereiding-toespraak-14-december-2020-6.png,no_annotation
woo-voorbereiding-toespraak-14-december-2020-8.png,no_annotation
woo-voorbereiding-toespraak-14-december-2020-9.png,gray
woo-voorbereiding-toespraak-14-december-2020-10.png,gray
woo-voorbereiding-toespraak-14-december-2020-11.png,gray
woo-voorbereiding-toespraak-14-december-2020-14.png,gray
woo-voorbereiding-toespraak-14-december-2020-15.png,gray
Ordner2+doc+51-100-1.png,border
Ordner2+doc+51-100-2.png,border
Ordner2+doc+51-100-3.png,border
Ordner2+doc+51-100-4.png,border
Ordner2+doc+51-100-5.png,border
Ordner2+doc+51-100-6.png,border
Ordner2+doc+51-100-7.png,border
Ordner2+doc+51-100-8.png,border
Ordner2+doc+51-100-9.png,border
Ordner2+doc+51-100-10.png,border
Ordner2+doc+51-100-11.png,border
Ordner2+doc+51-100-12.png,border
Ordner2+doc+51-100-13.png,border
Ordner2+doc+51-100-14.png,border
Ordner2+doc+51-100-15.png,border
Ordner2+doc+51-100-16.png,border
Ordner2+doc+51-100-17.png,border
Ordner2+doc+51-100-18.png,border
Ordner2+doc+51-100-19.png,border
Ordner2+doc+51-100-20.png,border
Ordner2+doc+51-100-21.png,border
Ordner2+doc+51-100-22.png,border
Ordner2+doc+51-100-24.png,border
Ordner2+doc+51-100-25.png,border
Ordner2+doc+51-100-26.png,border
Ordner2+doc+51-100-27.png,border
Ordner2+doc+51-100-28.png,border
Ordner2+doc+51-100-29.png,border
Ordner2+doc+51-100-30.png,border
Ordner2+doc+51-100-31.png,no_annotation
Ordner2+doc+51-100-32.png,no_annotation
Ordner2+doc+51-100-33.png,no_annotation
Ordner2+doc+51-100-34.png,no_annotation
Ordner2+doc+51-100-35.png,no_annotation
Ordner2+doc+51-100-36.png,no_annotation
Ordner2+doc+51-100-37.png,no_annotation
Ordner2+doc+51-100-38.png,no_annotation
Ordner2+doc+51-100-39.png,no_annotation
Ordner2+doc+51-100-40.png,no_annotation
Ordner2+doc+51-100-41.png,no_annotation
Ordner2+doc+51-100-42.png,no_annotation
Ordner2+doc+51-100-43.png,no_annotation
Ordner2+doc+51-100-44.png,no_annotation
Ordner2+doc+51-100-45.png,no_annotation
Ordner2+doc+51-100-46.png,no_annotation
Ordner2+doc+51-100-47.png,no_annotation
Ordner2+doc+51-100-48.png,no_annotation
Ordner2+doc+51-100-49.png,no_annotation
Ordner2+doc+51-100-50.png,no_annotation
Ordner3+doc+101-150-1.png,no_annotation
Ordner3+doc+101-150-2.png,no_annotation
Ordner3+doc+101-150-3.png,no_annotation
Ordner3+doc+101-150-4.png,no_annotation
Ordner3+doc+101-150-5.png,no_annotation
Ordner3+doc+101-150-6.png,no_annotation
Ordner3+doc+101-150-7.png,no_annotation
Ordner3+doc+101-150-8.png,no_annotation
Ordner3+doc+101-150-9.png,no_annotation
Ordner3+doc+101-150-10.png,no_annotation
Ordner3+doc+101-150-11.png,no_annotation
Ordner3+doc+101-150-12.png,no_annotation
Ordner3+doc+101-150-13.png,no_annotation
Ordner3+doc+101-150-14.png,no_annotation
Ordner3+doc+101-150-15.png,no_annotation
Ordner3+doc+101-150-16.png,no_annotation
Ordner3+doc+101-150-17.png,no_annotation
Ordner3+doc+101-150-18.png,no_annotation
Ordner3+doc+101-150-19.png,no_annotation
Ordner3+doc+101-150-20.png,no_annotation
Ordner3+doc+101-150-21.png,no_annotation
Ordner3+doc+101-150-22.png,no_annotation
Ordner3+doc+101-150-23.png,no_annotation
Ordner3+doc+101-150-24.png,no_annotation
Ordner3+doc+101-150-25.png,no_annotation
Ordner3+doc+101-150-26.png,no_annotation
Ordner3+doc+101-150-27.png,no_annotation
Ordner3+doc+101-150-28.png,no_annotation
Ordner3+doc+101-150-29.png,no_annotation
Ordner3+doc+101-150-30.png,no_annotation
Ordner3+doc+101-150-31.png,no_annotation
Ordner3+doc+101-150-32.png,no_annotation
Ordner3+doc+101-150-33.png,no_annotation
Ordner3+doc+101-150-34.png,no_annotation
Ordner3+doc+101-150-35.png,no_annotation
Ordner3+doc+101-150-36.png,no_annotation
Ordner3+doc+101-150-37.png,no_annotation
Ordner3+doc+101-150-38.png,no_annotation
Ordner3+doc+101-150-39.png,no_annotation
Ordner3+doc+101-150-40.png,no_annotation
Ordner3+doc+101-150-41.png,no_annotation
Ordner3+doc+101-150-42.png,no_annotation
Ordner3+doc+101-150-43.png,no_annotation
Ordner3+doc+101-150-44.png,no_annotation
Ordner3+doc+101-150-45.png,no_annotation
Ordner3+doc+101-150-46.png,no_annotation
Ordner3+doc+101-150-47.png,no_annotation
Ordner3+doc+101-150-48.png,no_annotation
Ordner3+doc+101-150-49.png,no_annotation
Ordner3+doc+101-150-50.png,no_annotation
Ordner3+doc+101-150-51.png,no_annotation
Ordner3+doc+101-150-52.png,no_annotation
Ordner3+doc+101-150-53.png,no_annotation
Ordner3+doc+101-150-54.png,no_annotation
Ordner3+doc+101-150-55.png,no_annotation
Ordner3+doc+101-150-56.png,no_annotation
Ordner1+doc+1-50-1.png,border
Ordner1+doc+1-50-3.png,border
Ordner1+doc+1-50-4.png,border
Ordner1+doc+1-50-5.png,border
Ordner1+doc+1-50-6.png,border
Ordner1+doc+1-50-7.png,border
Ordner1+doc+1-50-8.png,border
Ordner1+doc+1-50-9.png,border
Ordner1+doc+1-50-10.png,border
Ordner1+doc+1-50-11.png,no_annotation
Ordner1+doc+1-50-12.png,border
Ordner1+doc+1-50-13.png,border
Ordner1+doc+1-50-14.png,border
Ordner1+doc+1-50-15.png,border
Ordner1+doc+1-50-16.png,border
Ordner1+doc+1-50-17.png,border
Ordner1+doc+1-50-18.png,border
Ordner1+doc+1-50-19.png,border
Ordner1+doc+1-50-20.png,border
Ordner1+doc+1-50-21.png,border
Ordner1+doc+1-50-22.png,border
Ordner1+doc+1-50-23.png,border
Ordner1+doc+1-50-24.png,border
Ordner1+doc+1-50-25.png,border
Ordner1+doc+1-50-26.png,border
Ordner1+doc+1-50-27.png,border
Ordner1+doc+1-50-28.png,border
Ordner1+doc+1-50-29.png,border
Ordner1+doc+1-50-30.png,border
Afschift besluit Wob-verzoek-1.png,black
Afschift besluit Wob-verzoek-2.png,black
Afschift besluit Wob-verzoek-3.png,black
Afschift besluit Wob-verzoek-4.png,black
Afschift besluit Wob-verzoek-5.png,black
Afschift besluit Wob-verzoek-6.png,black
Afschift besluit Wob-verzoek-7.png,black
Afschift besluit Wob-verzoek-8.png,black
Afschift besluit Wob-verzoek-9.png,black
Afschift besluit Wob-verzoek-10.png,black
bijlage 1 bij besluit op wob-verzoek over film de oost-1.png,black
bijlage 1 bij besluit op wob-verzoek over film de oost-2.png,no_annotation
bijlage 1 bij besluit op wob-verzoek over film de oost-3.png,black
bijlage 1 bij besluit op wob-verzoek over film de oost-4.png,black
bijlage 1 bij besluit op wob-verzoek over film de oost-5.png,black
bijlage 1 bij besluit op wob-verzoek over film de oost-6.png,black
bijlage 1 bij besluit op wob-verzoek over film de oost-7.png,black
bijlage 1 bij besluit op wob-verzoek over film de oost-8.png,black
bijlage 1 bij besluit op wob-verzoek over film de oost-9.png,black
bijlage 1 bij besluit op wob-verzoek over film de oost-10.png,black
bijlage 1 bij besluit op wob-verzoek over film de oost-11.png,black
bijlage 1 bij besluit op wob-verzoek over film de oost-12.png,black
bijlage 1 bij besluit op wob-verzoek over film de oost-13.png,black
bijlage 1 bij besluit op wob-verzoek over film de oost-14.png,black
bijlage 1 bij besluit op wob-verzoek over film de oost-15.png,black
Bijlage deel 2.1 Wob-verzoek over High Tech Campus Eindhoven-1.png,gray
Bijlage deel 2.1 Wob-verzoek over High Tech Campus Eindhoven-2.png,gray
Bijlage deel 2.1 Wob-verzoek over High Tech Campus Eindhoven-3.png,gray
Bijlage deel 2.1 Wob-verzoek over High Tech Campus Eindhoven-4.png,gray
Bijlage deel 2.1 Wob-verzoek over High Tech Campus Eindhoven-6.png,gray
Bijlage deel 2.1 Wob-verzoek over High Tech Campus Eindhoven-22.png,gray
Bijlage deel 2.1 Wob-verzoek over High Tech Campus Eindhoven-23.png,gray
doucmenten deel 5-1.png,black
doucmenten deel 5-2.png,black
doucmenten deel 5-3.png,black
doucmenten deel 5-4.png,black
doucmenten deel 5-5.png,black
doucmenten deel 5-6.png,black
doucmenten deel 5-7.png,black
doucmenten deel 5-8.png,black
doucmenten deel 5-9.png,black
doucmenten deel 5-10.png,black
doucmenten deel 5-11.png,black
doucmenten deel 5-12.png,black
doucmenten deel 5-13.png,black
doucmenten deel 5-14.png,black
doucmenten deel 5-15.png,no_annotation
doucmenten deel 5-16.png,black
doucmenten deel 5-17.png,black
doucmenten deel 5-18.png,black
doucmenten deel 5-19.png,black
doucmenten deel 5-20.png,black
doucmenten deel 5-21.png,black
doucmenten deel 5-22.png,black
doucmenten deel 5-23.png,black
doucmenten deel 5-24.png,black
doucmenten deel 5-29.png,black
doucmenten deel 5-30.png,black
doucmenten deel 5-31.png,black
doucmenten deel 5-32.png,black
doucmenten deel 5-33.png,black
doucmenten deel 5-34.png,black
doucmenten deel 5-36.png,black
doucmenten deel 5-37.png,black
doucmenten deel 5-38.png,black
doucmenten deel 5-39.png,black
doucmenten deel 5-40.png,black
doucmenten deel 5-41.png,black
doucmenten deel 5-42.png,black
doucmenten deel 5-43.png,black
doucmenten deel 5-44.png,black
doucmenten deel 5-45.png,black
doucmenten deel 5-46.png,black
doucmenten deel 5-47.png,black
doucmenten deel 5-48.png,black
doucmenten deel 5-49.png,black
doucmenten deel 5-50.png,black
doucmenten deel 5-51.png,black
doucmenten deel 5-52.png,black
doucmenten deel 5-53.png,black
doucmenten deel 5-54.png,black
doucmenten deel 5-55.png,black
doucmenten deel 5-56.png,black
doucmenten deel 5-57.png,black
doucmenten deel 5-58.png,black
doucmenten deel 5-59.png,black
doucmenten deel 5-60.png,black
doucmenten deel 5-61.png,black
doucmenten deel 5-62.png,black
doucmenten deel 5-63.png,black
doucmenten deel 5-64.png,black
doucmenten deel 5-65.png,black
doucmenten deel 5-66.png,black
doucmenten deel 5-67.png,black
doucmenten deel 5-72.png,black
doucmenten deel 5-73.png,black
doucmenten deel 5-74.png,black
doucmenten deel 5-79.png,black
doucmenten deel 5-80.png,black
doucmenten deel 5-81.png,black
doucmenten deel 5-86.png,black
doucmenten deel 5-87.png,black
doucmenten deel 5-88.png,black
Besluit op Woo-verzoek Schiphol en andere luchtvaartterreinen Nederland-1.png,color
Besluit op Woo-verzoek Schiphol en andere luchtvaartterreinen Nederland-2.png,color
BESLUIT_Beslissing Stiath 060423_a-1.png,border
BESLUIT_Beslissing Stiath 060423_a-2.png,border
BESLUIT_Beslissing Stiath 060423_b-1.png,border
BESLUIT_Beslissing Stiath 060423_b-2.png,no_annotation
BESLUIT_Beslissing Stiath 060423_b-3.png,no_annotation
BESLUIT_Beslissing Stiath 060423_b-4.png,no_annotation
Binder OneLove-1.png,border
Binder OneLove-2.png,border
Binder OneLove-3.png,border
Binder OneLove-4.png,border
Binder OneLove-5.png,border
Binder OneLove-6.png,border
Binder OneLove-7.png,border
Binder OneLove-8.png,border
Binder OneLove-9.png,border
Binder OneLove-10.png,border
Binder OneLove-11.png,border
Binder OneLove-12.png,border
Documenten bij herziene beslissing op bezwaar Wob-besluit over NGO-schepen op Middellandse Zee-1.png,color
Documenten bij herziene beslissing op bezwaar Wob-besluit over NGO-schepen op Middellandse Zee-2.png,color
Documenten bij herziene beslissing op bezwaar Wob-besluit over NGO-schepen op Middellandse Zee-3.png,color
Documenten bij herziene beslissing op bezwaar Wob-besluit over NGO-schepen op Middellandse Zee-4.png,color
Documenten bij herziene beslissing op bezwaar Wob-besluit over NGO-schepen op Middellandse Zee-5.png,color
Documenten bij herziene beslissing op bezwaar Wob-besluit over NGO-schepen op Middellandse Zee-6.png,color
Documenten bij herziene beslissing op bezwaar Wob-besluit over NGO-schepen op Middellandse Zee-7.png,color
Documenten bij herziene beslissing op bezwaar Wob-besluit over NGO-schepen op Middellandse Zee-8.png,color
Documenten bij herziene beslissing op bezwaar Wob-besluit over NGO-schepen op Middellandse Zee-9.png,color
Documenten bij herziene beslissing op bezwaar Wob-besluit over NGO-schepen op Middellandse Zee-10.png,color
woo-kennisgroepstandpunten-formeel-recht-deelbesluit-2-documenten-1.png,border
woo-kennisgroepstandpunten-formeel-recht-deelbesluit-2-documenten-2.png,border
woo-kennisgroepstandpunten-formeel-recht-deelbesluit-2-documenten-3.png,border
woo-niet-evacueren-medewerkers-atvet-documenten-1.png,border
woo-niet-evacueren-medewerkers-atvet-documenten-2.png,border
woo-niet-evacueren-medewerkers-atvet-documenten-3.png,border
woo-niet-evacueren-medewerkers-atvet-documenten-4.png,border
woo-niet-evacueren-medewerkers-atvet-documenten-5.png,border
woo-niet-evacueren-medewerkers-atvet-documenten-6.png,border
woo-niet-evacueren-medewerkers-atvet-documenten-7.png,border
woo-niet-evacueren-medewerkers-atvet-documenten-8.png,border
woo-niet-evacueren-medewerkers-atvet-documenten-9.png,border
woo-niet-evacueren-medewerkers-atvet-documenten-10.png,no_annotation
